"","mu1exp1"
"1",0
"2",0
"3",0
"4",0
"5",0
"6",0
"7",0
"8",0
"9",0
"10",0
"11",-1
"12",-1
"13",-1
"14",-1
"15",-1
"16",-1
"17",-1
"18",-1
"19",-1
"20",-1
"21",-1
"22",-1
"23",-1
"24",-1
"25",-1
"26",-1
"27",-1
"28",-1
"29",-1
"30",-1
"31",1
"32",1
"33",1
"34",1
"35",1
"36",1
"37",1
"38",1
"39",1
"40",1
"41",1
"42",1
"43",1
"44",1
"45",1
"46",1
"47",1
"48",1
"49",1
"50",1
"51",2
"52",2
"53",2
"54",2
"55",2
"56",2
"57",2
"58",2
"59",2
"60",2
"61",-1
"62",-1
"63",-1
"64",-1
"65",-1
"66",-1
"67",-1
"68",-1
"69",-1
"70",-1
"71",0
"72",0
"73",0
"74",0
"75",0
"76",0
"77",0
"78",0
"79",0
"80",0
"81",2
"82",2
"83",2
"84",2
"85",2
"86",2
"87",2
"88",2
"89",2
"90",2
"91",0
"92",0
"93",0
"94",0
"95",0
"96",0
"97",0
"98",0
"99",0
"100",0
"101",-2
"102",-2
"103",-2
"104",-2
"105",-2
"106",-2
"107",-2
"108",-2
"109",-2
"110",-2
"111",0
"112",0
"113",0
"114",0
"115",0
"116",0
"117",0
"118",0
"119",0
"120",0
"121",2
"122",2
"123",2
"124",2
"125",2
"126",2
"127",2
"128",2
"129",2
"130",2
"131",0
"132",0
"133",0
"134",0
"135",0
"136",0
"137",0
"138",0
"139",0
"140",0
"141",2
"142",2
"143",2
"144",2
"145",2
"146",2
"147",2
"148",2
"149",2
"150",2
"151",-1
"152",-1
"153",-1
"154",-1
"155",-1
"156",-1
"157",-1
"158",-1
"159",-1
"160",-1
"161",-2
"162",-2
"163",-2
"164",-2
"165",-2
"166",-2
"167",-2
"168",-2
"169",-2
"170",-2
"171",-1
"172",-1
"173",-1
"174",-1
"175",-1
"176",-1
"177",-1
"178",-1
"179",-1
"180",-1
"181",2
"182",2
"183",2
"184",2
"185",2
"186",2
"187",2
"188",2
"189",2
"190",2
"191",-1
"192",-1
"193",-1
"194",-1
"195",-1
"196",-1
"197",-1
"198",-1
"199",-1
"200",-1
"201",0
"202",0
"203",0
"204",0
"205",0
"206",0
"207",0
"208",0
"209",0
"210",0
"211",-2
"212",-2
"213",-2
"214",-2
"215",-2
"216",-2
"217",-2
"218",-2
"219",-2
"220",-2
"221",1
"222",1
"223",1
"224",1
"225",1
"226",1
"227",1
"228",1
"229",1
"230",1
"231",0
"232",0
"233",0
"234",0
"235",0
"236",0
"237",0
"238",0
"239",0
"240",0
"241",1
"242",1
"243",1
"244",1
"245",1
"246",1
"247",1
"248",1
"249",1
"250",1
"251",3
"252",3
"253",3
"254",3
"255",3
"256",3
"257",3
"258",3
"259",3
"260",3
"261",0
"262",0
"263",0
"264",0
"265",0
"266",0
"267",0
"268",0
"269",0
"270",0
"271",0
"272",0
"273",0
"274",0
"275",0
"276",0
"277",0
"278",0
"279",0
"280",0
"281",1
"282",1
"283",1
"284",1
"285",1
"286",1
"287",1
"288",1
"289",1
"290",1
"291",0
"292",0
"293",0
"294",0
"295",0
"296",0
"297",0
"298",0
"299",0
"300",0
"301",-2
"302",-2
"303",-2
"304",-2
"305",-2
"306",-2
"307",-2
"308",-2
"309",-2
"310",-2
"311",2
"312",2
"313",2
"314",2
"315",2
"316",2
"317",2
"318",2
"319",2
"320",2
"321",0
"322",0
"323",0
"324",0
"325",0
"326",0
"327",0
"328",0
"329",0
"330",0
"331",0
"332",0
"333",0
"334",0
"335",0
"336",0
"337",0
"338",0
"339",0
"340",0
"341",1
"342",1
"343",1
"344",1
"345",1
"346",1
"347",1
"348",1
"349",1
"350",1
"351",1
"352",1
"353",1
"354",1
"355",1
"356",1
"357",1
"358",1
"359",1
"360",1
"361",0
"362",0
"363",0
"364",0
"365",0
"366",0
"367",0
"368",0
"369",0
"370",0
"371",0
"372",0
"373",0
"374",0
"375",0
"376",0
"377",0
"378",0
"379",0
"380",0
"381",-1
"382",-1
"383",-1
"384",-1
"385",-1
"386",-1
"387",-1
"388",-1
"389",-1
"390",-1
"391",0
"392",0
"393",0
"394",0
"395",0
"396",0
"397",0
"398",0
"399",0
"400",0
"401",1
"402",1
"403",1
"404",1
"405",1
"406",1
"407",1
"408",1
"409",1
"410",1
"411",1
"412",1
"413",1
"414",1
"415",1
"416",1
"417",1
"418",1
"419",1
"420",1
"421",1
"422",1
"423",1
"424",1
"425",1
"426",1
"427",1
"428",1
"429",1
"430",1
"431",0
"432",0
"433",0
"434",0
"435",0
"436",0
"437",0
"438",0
"439",0
"440",0
"441",-1
"442",-1
"443",-1
"444",-1
"445",-1
"446",-1
"447",-1
"448",-1
"449",-1
"450",-1
"451",-2
"452",-2
"453",-2
"454",-2
"455",-2
"456",-2
"457",-2
"458",-2
"459",-2
"460",-2
"461",2
"462",2
"463",2
"464",2
"465",2
"466",2
"467",2
"468",2
"469",2
"470",2
"471",-1
"472",-1
"473",-1
"474",-1
"475",-1
"476",-1
"477",-1
"478",-1
"479",-1
"480",-1
"481",0
"482",0
"483",0
"484",0
"485",0
"486",0
"487",0
"488",0
"489",0
"490",0
"491",2
"492",2
"493",2
"494",2
"495",2
"496",2
"497",2
"498",2
"499",2
"500",2
"501",1
"502",1
"503",1
"504",1
"505",1
"506",1
"507",1
"508",1
"509",1
"510",1
"511",2
"512",2
"513",2
"514",2
"515",2
"516",2
"517",2
"518",2
"519",2
"520",2
"521",-3
"522",-3
"523",-3
"524",-3
"525",-3
"526",-3
"527",-3
"528",-3
"529",-3
"530",-3
"531",0
"532",0
"533",0
"534",0
"535",0
"536",0
"537",0
"538",0
"539",0
"540",0
"541",0
"542",0
"543",0
"544",0
"545",0
"546",0
"547",0
"548",0
"549",0
"550",0
"551",0
"552",0
"553",0
"554",0
"555",0
"556",0
"557",0
"558",0
"559",0
"560",0
"561",2
"562",2
"563",2
"564",2
"565",2
"566",2
"567",2
"568",2
"569",2
"570",2
"571",0
"572",0
"573",0
"574",0
"575",0
"576",0
"577",0
"578",0
"579",0
"580",0
"581",0
"582",0
"583",0
"584",0
"585",0
"586",0
"587",0
"588",0
"589",0
"590",0
"591",0
"592",0
"593",0
"594",0
"595",0
"596",0
"597",0
"598",0
"599",0
"600",0
"601",0
"602",0
"603",0
"604",0
"605",0
"606",0
"607",0
"608",0
"609",0
"610",0
"611",0
"612",0
"613",0
"614",0
"615",0
"616",0
"617",0
"618",0
"619",0
"620",0
"621",-1
"622",-1
"623",-1
"624",-1
"625",-1
"626",-1
"627",-1
"628",-1
"629",-1
"630",-1
"631",1
"632",1
"633",1
"634",1
"635",1
"636",1
"637",1
"638",1
"639",1
"640",1
"641",0
"642",0
"643",0
"644",0
"645",0
"646",0
"647",0
"648",0
"649",0
"650",0
"651",0
"652",0
"653",0
"654",0
"655",0
"656",0
"657",0
"658",0
"659",0
"660",0
"661",1
"662",1
"663",1
"664",1
"665",1
"666",1
"667",1
"668",1
"669",1
"670",1
"671",0
"672",0
"673",0
"674",0
"675",0
"676",0
"677",0
"678",0
"679",0
"680",0
"681",0
"682",0
"683",0
"684",0
"685",0
"686",0
"687",0
"688",0
"689",0
"690",0
"691",-1
"692",-1
"693",-1
"694",-1
"695",-1
"696",-1
"697",-1
"698",-1
"699",-1
"700",-1
"701",0
"702",0
"703",0
"704",0
"705",0
"706",0
"707",0
"708",0
"709",0
"710",0
"711",-1
"712",-1
"713",-1
"714",-1
"715",-1
"716",-1
"717",-1
"718",-1
"719",-1
"720",-1
"721",-1
"722",-1
"723",-1
"724",-1
"725",-1
"726",-1
"727",-1
"728",-1
"729",-1
"730",-1
"731",0
"732",0
"733",0
"734",0
"735",0
"736",0
"737",0
"738",0
"739",0
"740",0
"741",-1
"742",-1
"743",-1
"744",-1
"745",-1
"746",-1
"747",-1
"748",-1
"749",-1
"750",-1
"751",0
"752",0
"753",0
"754",0
"755",0
"756",0
"757",0
"758",0
"759",0
"760",0
"761",-1
"762",-1
"763",-1
"764",-1
"765",-1
"766",-1
"767",-1
"768",-1
"769",-1
"770",-1
"771",2
"772",2
"773",2
"774",2
"775",2
"776",2
"777",2
"778",2
"779",2
"780",2
"781",0
"782",0
"783",0
"784",0
"785",0
"786",0
"787",0
"788",0
"789",0
"790",0
"791",0
"792",0
"793",0
"794",0
"795",0
"796",0
"797",0
"798",0
"799",0
"800",0
"801",2
"802",2
"803",2
"804",2
"805",2
"806",2
"807",2
"808",2
"809",2
"810",2
"811",-1
"812",-1
"813",-1
"814",-1
"815",-1
"816",-1
"817",-1
"818",-1
"819",-1
"820",-1
"821",0
"822",0
"823",0
"824",0
"825",0
"826",0
"827",0
"828",0
"829",0
"830",0
"831",-1
"832",-1
"833",-1
"834",-1
"835",-1
"836",-1
"837",-1
"838",-1
"839",-1
"840",-1
"841",-2
"842",-2
"843",-2
"844",-2
"845",-2
"846",-2
"847",-2
"848",-2
"849",-2
"850",-2
"851",0
"852",0
"853",0
"854",0
"855",0
"856",0
"857",0
"858",0
"859",0
"860",0
"861",-2
"862",-2
"863",-2
"864",-2
"865",-2
"866",-2
"867",-2
"868",-2
"869",-2
"870",-2
"871",-1
"872",-1
"873",-1
"874",-1
"875",-1
"876",-1
"877",-1
"878",-1
"879",-1
"880",-1
"881",-1
"882",-1
"883",-1
"884",-1
"885",-1
"886",-1
"887",-1
"888",-1
"889",-1
"890",-1
"891",0
"892",0
"893",0
"894",0
"895",0
"896",0
"897",0
"898",0
"899",0
"900",0
"901",0
"902",0
"903",0
"904",0
"905",0
"906",0
"907",0
"908",0
"909",0
"910",0
"911",1
"912",1
"913",1
"914",1
"915",1
"916",1
"917",1
"918",1
"919",1
"920",1
"921",1
"922",1
"923",1
"924",1
"925",1
"926",1
"927",1
"928",1
"929",1
"930",1
"931",0
"932",0
"933",0
"934",0
"935",0
"936",0
"937",0
"938",0
"939",0
"940",0
"941",-1
"942",-1
"943",-1
"944",-1
"945",-1
"946",-1
"947",-1
"948",-1
"949",-1
"950",-1
"951",-3
"952",-3
"953",-3
"954",-3
"955",-3
"956",-3
"957",-3
"958",-3
"959",-3
"960",-3
"961",0
"962",0
"963",0
"964",0
"965",0
"966",0
"967",0
"968",0
"969",0
"970",0
"971",0
"972",0
"973",0
"974",0
"975",0
"976",0
"977",0
"978",0
"979",0
"980",0
"981",-1
"982",-1
"983",-1
"984",-1
"985",-1
"986",-1
"987",-1
"988",-1
"989",-1
"990",-1
"991",1
"992",1
"993",1
"994",1
"995",1
"996",1
"997",1
"998",1
"999",1
"1000",1
"1001",1
"1002",1
"1003",1
"1004",1
"1005",1
"1006",1
"1007",1
"1008",1
"1009",1
"1010",1
"1011",-1
"1012",-1
"1013",-1
"1014",-1
"1015",-1
"1016",-1
"1017",-1
"1018",-1
"1019",-1
"1020",-1
"1021",2
"1022",2
"1023",2
"1024",2
"1025",2
"1026",2
"1027",2
"1028",2
"1029",2
"1030",2
"1031",1
"1032",1
"1033",1
"1034",1
"1035",1
"1036",1
"1037",1
"1038",1
"1039",1
"1040",1
"1041",-1
"1042",-1
"1043",-1
"1044",-1
"1045",-1
"1046",-1
"1047",-1
"1048",-1
"1049",-1
"1050",-1
"1051",-1
"1052",-1
"1053",-1
"1054",-1
"1055",-1
"1056",-1
"1057",-1
"1058",-1
"1059",-1
"1060",-1
"1061",1
"1062",1
"1063",1
"1064",1
"1065",1
"1066",1
"1067",1
"1068",1
"1069",1
"1070",1
"1071",-2
"1072",-2
"1073",-2
"1074",-2
"1075",-2
"1076",-2
"1077",-2
"1078",-2
"1079",-2
"1080",-2
"1081",-1
"1082",-1
"1083",-1
"1084",-1
"1085",-1
"1086",-1
"1087",-1
"1088",-1
"1089",-1
"1090",-1
"1091",0
"1092",0
"1093",0
"1094",0
"1095",0
"1096",0
"1097",0
"1098",0
"1099",0
"1100",0
"1101",-1
"1102",-1
"1103",-1
"1104",-1
"1105",-1
"1106",-1
"1107",-1
"1108",-1
"1109",-1
"1110",-1
"1111",0
"1112",0
"1113",0
"1114",0
"1115",0
"1116",0
"1117",0
"1118",0
"1119",0
"1120",0
"1121",1
"1122",1
"1123",1
"1124",1
"1125",1
"1126",1
"1127",1
"1128",1
"1129",1
"1130",1
"1131",1
"1132",1
"1133",1
"1134",1
"1135",1
"1136",1
"1137",1
"1138",1
"1139",1
"1140",1
"1141",0
"1142",0
"1143",0
"1144",0
"1145",0
"1146",0
"1147",0
"1148",0
"1149",0
"1150",0
"1151",0
"1152",0
"1153",0
"1154",0
"1155",0
"1156",0
"1157",0
"1158",0
"1159",0
"1160",0
"1161",-1
"1162",-1
"1163",-1
"1164",-1
"1165",-1
"1166",-1
"1167",-1
"1168",-1
"1169",-1
"1170",-1
"1171",1
"1172",1
"1173",1
"1174",1
"1175",1
"1176",1
"1177",1
"1178",1
"1179",1
"1180",1
"1181",1
"1182",1
"1183",1
"1184",1
"1185",1
"1186",1
"1187",1
"1188",1
"1189",1
"1190",1
"1191",0
"1192",0
"1193",0
"1194",0
"1195",0
"1196",0
"1197",0
"1198",0
"1199",0
"1200",0
"1201",0
"1202",0
"1203",0
"1204",0
"1205",0
"1206",0
"1207",0
"1208",0
"1209",0
"1210",0
"1211",0
"1212",0
"1213",0
"1214",0
"1215",0
"1216",0
"1217",0
"1218",0
"1219",0
"1220",0
"1221",-1
"1222",-1
"1223",-1
"1224",-1
"1225",-1
"1226",-1
"1227",-1
"1228",-1
"1229",-1
"1230",-1
"1231",0
"1232",0
"1233",0
"1234",0
"1235",0
"1236",0
"1237",0
"1238",0
"1239",0
"1240",0
"1241",0
"1242",0
"1243",0
"1244",0
"1245",0
"1246",0
"1247",0
"1248",0
"1249",0
"1250",0
"1251",0
"1252",0
"1253",0
"1254",0
"1255",0
"1256",0
"1257",0
"1258",0
"1259",0
"1260",0
"1261",1
"1262",1
"1263",1
"1264",1
"1265",1
"1266",1
"1267",1
"1268",1
"1269",1
"1270",1
"1271",1
"1272",1
"1273",1
"1274",1
"1275",1
"1276",1
"1277",1
"1278",1
"1279",1
"1280",1
"1281",-1
"1282",-1
"1283",-1
"1284",-1
"1285",-1
"1286",-1
"1287",-1
"1288",-1
"1289",-1
"1290",-1
"1291",1
"1292",1
"1293",1
"1294",1
"1295",1
"1296",1
"1297",1
"1298",1
"1299",1
"1300",1
"1301",0
"1302",0
"1303",0
"1304",0
"1305",0
"1306",0
"1307",0
"1308",0
"1309",0
"1310",0
"1311",1
"1312",1
"1313",1
"1314",1
"1315",1
"1316",1
"1317",1
"1318",1
"1319",1
"1320",1
"1321",1
"1322",1
"1323",1
"1324",1
"1325",1
"1326",1
"1327",1
"1328",1
"1329",1
"1330",1
"1331",1
"1332",1
"1333",1
"1334",1
"1335",1
"1336",1
"1337",1
"1338",1
"1339",1
"1340",1
"1341",-1
"1342",-1
"1343",-1
"1344",-1
"1345",-1
"1346",-1
"1347",-1
"1348",-1
"1349",-1
"1350",-1
"1351",0
"1352",0
"1353",0
"1354",0
"1355",0
"1356",0
"1357",0
"1358",0
"1359",0
"1360",0
"1361",0
"1362",0
"1363",0
"1364",0
"1365",0
"1366",0
"1367",0
"1368",0
"1369",0
"1370",0
"1371",1
"1372",1
"1373",1
"1374",1
"1375",1
"1376",1
"1377",1
"1378",1
"1379",1
"1380",1
"1381",1
"1382",1
"1383",1
"1384",1
"1385",1
"1386",1
"1387",1
"1388",1
"1389",1
"1390",1
"1391",2
"1392",2
"1393",2
"1394",2
"1395",2
"1396",2
"1397",2
"1398",2
"1399",2
"1400",2
"1401",2
"1402",2
"1403",2
"1404",2
"1405",2
"1406",2
"1407",2
"1408",2
"1409",2
"1410",2
"1411",0
"1412",0
"1413",0
"1414",0
"1415",0
"1416",0
"1417",0
"1418",0
"1419",0
"1420",0
"1421",0
"1422",0
"1423",0
"1424",0
"1425",0
"1426",0
"1427",0
"1428",0
"1429",0
"1430",0
"1431",0
"1432",0
"1433",0
"1434",0
"1435",0
"1436",0
"1437",0
"1438",0
"1439",0
"1440",0
"1441",2
"1442",2
"1443",2
"1444",2
"1445",2
"1446",2
"1447",2
"1448",2
"1449",2
"1450",2
"1451",0
"1452",0
"1453",0
"1454",0
"1455",0
"1456",0
"1457",0
"1458",0
"1459",0
"1460",0
"1461",1
"1462",1
"1463",1
"1464",1
"1465",1
"1466",1
"1467",1
"1468",1
"1469",1
"1470",1
"1471",0
"1472",0
"1473",0
"1474",0
"1475",0
"1476",0
"1477",0
"1478",0
"1479",0
"1480",0
"1481",0
"1482",0
"1483",0
"1484",0
"1485",0
"1486",0
"1487",0
"1488",0
"1489",0
"1490",0
"1491",0
"1492",0
"1493",0
"1494",0
"1495",0
"1496",0
"1497",0
"1498",0
"1499",0
"1500",0
"1501",0
"1502",0
"1503",0
"1504",0
"1505",0
"1506",0
"1507",0
"1508",0
"1509",0
"1510",0
"1511",0
"1512",0
"1513",0
"1514",0
"1515",0
"1516",0
"1517",0
"1518",0
"1519",0
"1520",0
"1521",-1
"1522",-1
"1523",-1
"1524",-1
"1525",-1
"1526",-1
"1527",-1
"1528",-1
"1529",-1
"1530",-1
"1531",-2
"1532",-2
"1533",-2
"1534",-2
"1535",-2
"1536",-2
"1537",-2
"1538",-2
"1539",-2
"1540",-2
"1541",1
"1542",1
"1543",1
"1544",1
"1545",1
"1546",1
"1547",1
"1548",1
"1549",1
"1550",1
"1551",1
"1552",1
"1553",1
"1554",1
"1555",1
"1556",1
"1557",1
"1558",1
"1559",1
"1560",1
"1561",0
"1562",0
"1563",0
"1564",0
"1565",0
"1566",0
"1567",0
"1568",0
"1569",0
"1570",0
"1571",0
"1572",0
"1573",0
"1574",0
"1575",0
"1576",0
"1577",0
"1578",0
"1579",0
"1580",0
"1581",-1
"1582",-1
"1583",-1
"1584",-1
"1585",-1
"1586",-1
"1587",-1
"1588",-1
"1589",-1
"1590",-1
"1591",-2
"1592",-2
"1593",-2
"1594",-2
"1595",-2
"1596",-2
"1597",-2
"1598",-2
"1599",-2
"1600",-2
"1601",1
"1602",1
"1603",1
"1604",1
"1605",1
"1606",1
"1607",1
"1608",1
"1609",1
"1610",1
"1611",0
"1612",0
"1613",0
"1614",0
"1615",0
"1616",0
"1617",0
"1618",0
"1619",0
"1620",0
"1621",0
"1622",0
"1623",0
"1624",0
"1625",0
"1626",0
"1627",0
"1628",0
"1629",0
"1630",0
"1631",0
"1632",0
"1633",0
"1634",0
"1635",0
"1636",0
"1637",0
"1638",0
"1639",0
"1640",0
"1641",1
"1642",1
"1643",1
"1644",1
"1645",1
"1646",1
"1647",1
"1648",1
"1649",1
"1650",1
"1651",0
"1652",0
"1653",0
"1654",0
"1655",0
"1656",0
"1657",0
"1658",0
"1659",0
"1660",0
"1661",-1
"1662",-1
"1663",-1
"1664",-1
"1665",-1
"1666",-1
"1667",-1
"1668",-1
"1669",-1
"1670",-1
"1671",0
"1672",0
"1673",0
"1674",0
"1675",0
"1676",0
"1677",0
"1678",0
"1679",0
"1680",0
"1681",1
"1682",1
"1683",1
"1684",1
"1685",1
"1686",1
"1687",1
"1688",1
"1689",1
"1690",1
"1691",1
"1692",1
"1693",1
"1694",1
"1695",1
"1696",1
"1697",1
"1698",1
"1699",1
"1700",1
"1701",-1
"1702",-1
"1703",-1
"1704",-1
"1705",-1
"1706",-1
"1707",-1
"1708",-1
"1709",-1
"1710",-1
"1711",2
"1712",2
"1713",2
"1714",2
"1715",2
"1716",2
"1717",2
"1718",2
"1719",2
"1720",2
"1721",1
"1722",1
"1723",1
"1724",1
"1725",1
"1726",1
"1727",1
"1728",1
"1729",1
"1730",1
"1731",0
"1732",0
"1733",0
"1734",0
"1735",0
"1736",0
"1737",0
"1738",0
"1739",0
"1740",0
"1741",0
"1742",0
"1743",0
"1744",0
"1745",0
"1746",0
"1747",0
"1748",0
"1749",0
"1750",0
"1751",0
"1752",0
"1753",0
"1754",0
"1755",0
"1756",0
"1757",0
"1758",0
"1759",0
"1760",0
"1761",0
"1762",0
"1763",0
"1764",0
"1765",0
"1766",0
"1767",0
"1768",0
"1769",0
"1770",0
"1771",0
"1772",0
"1773",0
"1774",0
"1775",0
"1776",0
"1777",0
"1778",0
"1779",0
"1780",0
"1781",1
"1782",1
"1783",1
"1784",1
"1785",1
"1786",1
"1787",1
"1788",1
"1789",1
"1790",1
"1791",1
"1792",1
"1793",1
"1794",1
"1795",1
"1796",1
"1797",1
"1798",1
"1799",1
"1800",1
"1801",0
"1802",0
"1803",0
"1804",0
"1805",0
"1806",0
"1807",0
"1808",0
"1809",0
"1810",0
"1811",-2
"1812",-2
"1813",-2
"1814",-2
"1815",-2
"1816",-2
"1817",-2
"1818",-2
"1819",-2
"1820",-2
"1821",-1
"1822",-1
"1823",-1
"1824",-1
"1825",-1
"1826",-1
"1827",-1
"1828",-1
"1829",-1
"1830",-1
"1831",-1
"1832",-1
"1833",-1
"1834",-1
"1835",-1
"1836",-1
"1837",-1
"1838",-1
"1839",-1
"1840",-1
"1841",-1
"1842",-1
"1843",-1
"1844",-1
"1845",-1
"1846",-1
"1847",-1
"1848",-1
"1849",-1
"1850",-1
"1851",0
"1852",0
"1853",0
"1854",0
"1855",0
"1856",0
"1857",0
"1858",0
"1859",0
"1860",0
"1861",0
"1862",0
"1863",0
"1864",0
"1865",0
"1866",0
"1867",0
"1868",0
"1869",0
"1870",0
"1871",0
"1872",0
"1873",0
"1874",0
"1875",0
"1876",0
"1877",0
"1878",0
"1879",0
"1880",0
"1881",2
"1882",2
"1883",2
"1884",2
"1885",2
"1886",2
"1887",2
"1888",2
"1889",2
"1890",2
"1891",0
"1892",0
"1893",0
"1894",0
"1895",0
"1896",0
"1897",0
"1898",0
"1899",0
"1900",0
"1901",0
"1902",0
"1903",0
"1904",0
"1905",0
"1906",0
"1907",0
"1908",0
"1909",0
"1910",0
"1911",2
"1912",2
"1913",2
"1914",2
"1915",2
"1916",2
"1917",2
"1918",2
"1919",2
"1920",2
"1921",-2
"1922",-2
"1923",-2
"1924",-2
"1925",-2
"1926",-2
"1927",-2
"1928",-2
"1929",-2
"1930",-2
"1931",-1
"1932",-1
"1933",-1
"1934",-1
"1935",-1
"1936",-1
"1937",-1
"1938",-1
"1939",-1
"1940",-1
"1941",0
"1942",0
"1943",0
"1944",0
"1945",0
"1946",0
"1947",0
"1948",0
"1949",0
"1950",0
"1951",0
"1952",0
"1953",0
"1954",0
"1955",0
"1956",0
"1957",0
"1958",0
"1959",0
"1960",0
"1961",-1
"1962",-1
"1963",-1
"1964",-1
"1965",-1
"1966",-1
"1967",-1
"1968",-1
"1969",-1
"1970",-1
"1971",-1
"1972",-1
"1973",-1
"1974",-1
"1975",-1
"1976",-1
"1977",-1
"1978",-1
"1979",-1
"1980",-1
"1981",1
"1982",1
"1983",1
"1984",1
"1985",1
"1986",1
"1987",1
"1988",1
"1989",1
"1990",1
"1991",1
"1992",1
"1993",1
"1994",1
"1995",1
"1996",1
"1997",1
"1998",1
"1999",1
"2000",1
"2001",2
"2002",2
"2003",2
"2004",2
"2005",2
"2006",2
"2007",2
"2008",2
"2009",2
"2010",2
"2011",0
"2012",0
"2013",0
"2014",0
"2015",0
"2016",0
"2017",0
"2018",0
"2019",0
"2020",0
"2021",0
"2022",0
"2023",0
"2024",0
"2025",0
"2026",0
"2027",0
"2028",0
"2029",0
"2030",0
"2031",-1
"2032",-1
"2033",-1
"2034",-1
"2035",-1
"2036",-1
"2037",-1
"2038",-1
"2039",-1
"2040",-1
"2041",-1
"2042",-1
"2043",-1
"2044",-1
"2045",-1
"2046",-1
"2047",-1
"2048",-1
"2049",-1
"2050",-1
"2051",1
"2052",1
"2053",1
"2054",1
"2055",1
"2056",1
"2057",1
"2058",1
"2059",1
"2060",1
"2061",0
"2062",0
"2063",0
"2064",0
"2065",0
"2066",0
"2067",0
"2068",0
"2069",0
"2070",0
"2071",0
"2072",0
"2073",0
"2074",0
"2075",0
"2076",0
"2077",0
"2078",0
"2079",0
"2080",0
"2081",-1
"2082",-1
"2083",-1
"2084",-1
"2085",-1
"2086",-1
"2087",-1
"2088",-1
"2089",-1
"2090",-1
"2091",2
"2092",2
"2093",2
"2094",2
"2095",2
"2096",2
"2097",2
"2098",2
"2099",2
"2100",2
"2101",1
"2102",1
"2103",1
"2104",1
"2105",1
"2106",1
"2107",1
"2108",1
"2109",1
"2110",1
"2111",1
"2112",1
"2113",1
"2114",1
"2115",1
"2116",1
"2117",1
"2118",1
"2119",1
"2120",1
"2121",0
"2122",0
"2123",0
"2124",0
"2125",0
"2126",0
"2127",0
"2128",0
"2129",0
"2130",0
"2131",-2
"2132",-2
"2133",-2
"2134",-2
"2135",-2
"2136",-2
"2137",-2
"2138",-2
"2139",-2
"2140",-2
"2141",0
"2142",0
"2143",0
"2144",0
"2145",0
"2146",0
"2147",0
"2148",0
"2149",0
"2150",0
"2151",-1
"2152",-1
"2153",-1
"2154",-1
"2155",-1
"2156",-1
"2157",-1
"2158",-1
"2159",-1
"2160",-1
"2161",0
"2162",0
"2163",0
"2164",0
"2165",0
"2166",0
"2167",0
"2168",0
"2169",0
"2170",0
"2171",2
"2172",2
"2173",2
"2174",2
"2175",2
"2176",2
"2177",2
"2178",2
"2179",2
"2180",2
"2181",1
"2182",1
"2183",1
"2184",1
"2185",1
"2186",1
"2187",1
"2188",1
"2189",1
"2190",1
"2191",0
"2192",0
"2193",0
"2194",0
"2195",0
"2196",0
"2197",0
"2198",0
"2199",0
"2200",0
"2201",-1
"2202",-1
"2203",-1
"2204",-1
"2205",-1
"2206",-1
"2207",-1
"2208",-1
"2209",-1
"2210",-1
"2211",-1
"2212",-1
"2213",-1
"2214",-1
"2215",-1
"2216",-1
"2217",-1
"2218",-1
"2219",-1
"2220",-1
"2221",1
"2222",1
"2223",1
"2224",1
"2225",1
"2226",1
"2227",1
"2228",1
"2229",1
"2230",1
"2231",0
"2232",0
"2233",0
"2234",0
"2235",0
"2236",0
"2237",0
"2238",0
"2239",0
"2240",0
"2241",1
"2242",1
"2243",1
"2244",1
"2245",1
"2246",1
"2247",1
"2248",1
"2249",1
"2250",1
"2251",1
"2252",1
"2253",1
"2254",1
"2255",1
"2256",1
"2257",1
"2258",1
"2259",1
"2260",1
"2261",0
"2262",0
"2263",0
"2264",0
"2265",0
"2266",0
"2267",0
"2268",0
"2269",0
"2270",0
"2271",1
"2272",1
"2273",1
"2274",1
"2275",1
"2276",1
"2277",1
"2278",1
"2279",1
"2280",1
"2281",-1
"2282",-1
"2283",-1
"2284",-1
"2285",-1
"2286",-1
"2287",-1
"2288",-1
"2289",-1
"2290",-1
"2291",0
"2292",0
"2293",0
"2294",0
"2295",0
"2296",0
"2297",0
"2298",0
"2299",0
"2300",0
"2301",0
"2302",0
"2303",0
"2304",0
"2305",0
"2306",0
"2307",0
"2308",0
"2309",0
"2310",0
"2311",0
"2312",0
"2313",0
"2314",0
"2315",0
"2316",0
"2317",0
"2318",0
"2319",0
"2320",0
"2321",-1
"2322",-1
"2323",-1
"2324",-1
"2325",-1
"2326",-1
"2327",-1
"2328",-1
"2329",-1
"2330",-1
"2331",0
"2332",0
"2333",0
"2334",0
"2335",0
"2336",0
"2337",0
"2338",0
"2339",0
"2340",0
"2341",1
"2342",1
"2343",1
"2344",1
"2345",1
"2346",1
"2347",1
"2348",1
"2349",1
"2350",1
"2351",0
"2352",0
"2353",0
"2354",0
"2355",0
"2356",0
"2357",0
"2358",0
"2359",0
"2360",0
"2361",-1
"2362",-1
"2363",-1
"2364",-1
"2365",-1
"2366",-1
"2367",-1
"2368",-1
"2369",-1
"2370",-1
"2371",-1
"2372",-1
"2373",-1
"2374",-1
"2375",-1
"2376",-1
"2377",-1
"2378",-1
"2379",-1
"2380",-1
"2381",0
"2382",0
"2383",0
"2384",0
"2385",0
"2386",0
"2387",0
"2388",0
"2389",0
"2390",0
"2391",1
"2392",1
"2393",1
"2394",1
"2395",1
"2396",1
"2397",1
"2398",1
"2399",1
"2400",1
"2401",1
"2402",1
"2403",1
"2404",1
"2405",1
"2406",1
"2407",1
"2408",1
"2409",1
"2410",1
"2411",1
"2412",1
"2413",1
"2414",1
"2415",1
"2416",1
"2417",1
"2418",1
"2419",1
"2420",1
"2421",-1
"2422",-1
"2423",-1
"2424",-1
"2425",-1
"2426",-1
"2427",-1
"2428",-1
"2429",-1
"2430",-1
"2431",1
"2432",1
"2433",1
"2434",1
"2435",1
"2436",1
"2437",1
"2438",1
"2439",1
"2440",1
"2441",0
"2442",0
"2443",0
"2444",0
"2445",0
"2446",0
"2447",0
"2448",0
"2449",0
"2450",0
"2451",0
"2452",0
"2453",0
"2454",0
"2455",0
"2456",0
"2457",0
"2458",0
"2459",0
"2460",0
"2461",2
"2462",2
"2463",2
"2464",2
"2465",2
"2466",2
"2467",2
"2468",2
"2469",2
"2470",2
"2471",-1
"2472",-1
"2473",-1
"2474",-1
"2475",-1
"2476",-1
"2477",-1
"2478",-1
"2479",-1
"2480",-1
"2481",0
"2482",0
"2483",0
"2484",0
"2485",0
"2486",0
"2487",0
"2488",0
"2489",0
"2490",0
"2491",-2
"2492",-2
"2493",-2
"2494",-2
"2495",-2
"2496",-2
"2497",-2
"2498",-2
"2499",-2
"2500",-2
"2501",1
"2502",1
"2503",1
"2504",1
"2505",1
"2506",1
"2507",1
"2508",1
"2509",1
"2510",1
"2511",0
"2512",0
"2513",0
"2514",0
"2515",0
"2516",0
"2517",0
"2518",0
"2519",0
"2520",0
"2521",3
"2522",3
"2523",3
"2524",3
"2525",3
"2526",3
"2527",3
"2528",3
"2529",3
"2530",3
"2531",1
"2532",1
"2533",1
"2534",1
"2535",1
"2536",1
"2537",1
"2538",1
"2539",1
"2540",1
"2541",0
"2542",0
"2543",0
"2544",0
"2545",0
"2546",0
"2547",0
"2548",0
"2549",0
"2550",0
"2551",0
"2552",0
"2553",0
"2554",0
"2555",0
"2556",0
"2557",0
"2558",0
"2559",0
"2560",0
"2561",0
"2562",0
"2563",0
"2564",0
"2565",0
"2566",0
"2567",0
"2568",0
"2569",0
"2570",0
"2571",1
"2572",1
"2573",1
"2574",1
"2575",1
"2576",1
"2577",1
"2578",1
"2579",1
"2580",1
"2581",-1
"2582",-1
"2583",-1
"2584",-1
"2585",-1
"2586",-1
"2587",-1
"2588",-1
"2589",-1
"2590",-1
"2591",-1
"2592",-1
"2593",-1
"2594",-1
"2595",-1
"2596",-1
"2597",-1
"2598",-1
"2599",-1
"2600",-1
"2601",-1
"2602",-1
"2603",-1
"2604",-1
"2605",-1
"2606",-1
"2607",-1
"2608",-1
"2609",-1
"2610",-1
"2611",0
"2612",0
"2613",0
"2614",0
"2615",0
"2616",0
"2617",0
"2618",0
"2619",0
"2620",0
"2621",1
"2622",1
"2623",1
"2624",1
"2625",1
"2626",1
"2627",1
"2628",1
"2629",1
"2630",1
"2631",1
"2632",1
"2633",1
"2634",1
"2635",1
"2636",1
"2637",1
"2638",1
"2639",1
"2640",1
"2641",0
"2642",0
"2643",0
"2644",0
"2645",0
"2646",0
"2647",0
"2648",0
"2649",0
"2650",0
"2651",2
"2652",2
"2653",2
"2654",2
"2655",2
"2656",2
"2657",2
"2658",2
"2659",2
"2660",2
"2661",-2
"2662",-2
"2663",-2
"2664",-2
"2665",-2
"2666",-2
"2667",-2
"2668",-2
"2669",-2
"2670",-2
"2671",-1
"2672",-1
"2673",-1
"2674",-1
"2675",-1
"2676",-1
"2677",-1
"2678",-1
"2679",-1
"2680",-1
"2681",-1
"2682",-1
"2683",-1
"2684",-1
"2685",-1
"2686",-1
"2687",-1
"2688",-1
"2689",-1
"2690",-1
"2691",1
"2692",1
"2693",1
"2694",1
"2695",1
"2696",1
"2697",1
"2698",1
"2699",1
"2700",1
"2701",-1
"2702",-1
"2703",-1
"2704",-1
"2705",-1
"2706",-1
"2707",-1
"2708",-1
"2709",-1
"2710",-1
"2711",1
"2712",1
"2713",1
"2714",1
"2715",1
"2716",1
"2717",1
"2718",1
"2719",1
"2720",1
"2721",3
"2722",3
"2723",3
"2724",3
"2725",3
"2726",3
"2727",3
"2728",3
"2729",3
"2730",3
"2731",-1
"2732",-1
"2733",-1
"2734",-1
"2735",-1
"2736",-1
"2737",-1
"2738",-1
"2739",-1
"2740",-1
"2741",-2
"2742",-2
"2743",-2
"2744",-2
"2745",-2
"2746",-2
"2747",-2
"2748",-2
"2749",-2
"2750",-2
"2751",1
"2752",1
"2753",1
"2754",1
"2755",1
"2756",1
"2757",1
"2758",1
"2759",1
"2760",1
"2761",0
"2762",0
"2763",0
"2764",0
"2765",0
"2766",0
"2767",0
"2768",0
"2769",0
"2770",0
"2771",-2
"2772",-2
"2773",-2
"2774",-2
"2775",-2
"2776",-2
"2777",-2
"2778",-2
"2779",-2
"2780",-2
"2781",0
"2782",0
"2783",0
"2784",0
"2785",0
"2786",0
"2787",0
"2788",0
"2789",0
"2790",0
"2791",0
"2792",0
"2793",0
"2794",0
"2795",0
"2796",0
"2797",0
"2798",0
"2799",0
"2800",0
"2801",0
"2802",0
"2803",0
"2804",0
"2805",0
"2806",0
"2807",0
"2808",0
"2809",0
"2810",0
"2811",0
"2812",0
"2813",0
"2814",0
"2815",0
"2816",0
"2817",0
"2818",0
"2819",0
"2820",0
"2821",1
"2822",1
"2823",1
"2824",1
"2825",1
"2826",1
"2827",1
"2828",1
"2829",1
"2830",1
"2831",1
"2832",1
"2833",1
"2834",1
"2835",1
"2836",1
"2837",1
"2838",1
"2839",1
"2840",1
"2841",1
"2842",1
"2843",1
"2844",1
"2845",1
"2846",1
"2847",1
"2848",1
"2849",1
"2850",1
"2851",0
"2852",0
"2853",0
"2854",0
"2855",0
"2856",0
"2857",0
"2858",0
"2859",0
"2860",0
"2861",-1
"2862",-1
"2863",-1
"2864",-1
"2865",-1
"2866",-1
"2867",-1
"2868",-1
"2869",-1
"2870",-1
"2871",-1
"2872",-1
"2873",-1
"2874",-1
"2875",-1
"2876",-1
"2877",-1
"2878",-1
"2879",-1
"2880",-1
"2881",1
"2882",1
"2883",1
"2884",1
"2885",1
"2886",1
"2887",1
"2888",1
"2889",1
"2890",1
"2891",-1
"2892",-1
"2893",-1
"2894",-1
"2895",-1
"2896",-1
"2897",-1
"2898",-1
"2899",-1
"2900",-1
"2901",0
"2902",0
"2903",0
"2904",0
"2905",0
"2906",0
"2907",0
"2908",0
"2909",0
"2910",0
"2911",-1
"2912",-1
"2913",-1
"2914",-1
"2915",-1
"2916",-1
"2917",-1
"2918",-1
"2919",-1
"2920",-1
"2921",2
"2922",2
"2923",2
"2924",2
"2925",2
"2926",2
"2927",2
"2928",2
"2929",2
"2930",2
"2931",-1
"2932",-1
"2933",-1
"2934",-1
"2935",-1
"2936",-1
"2937",-1
"2938",-1
"2939",-1
"2940",-1
"2941",0
"2942",0
"2943",0
"2944",0
"2945",0
"2946",0
"2947",0
"2948",0
"2949",0
"2950",0
"2951",1
"2952",1
"2953",1
"2954",1
"2955",1
"2956",1
"2957",1
"2958",1
"2959",1
"2960",1
"2961",-1
"2962",-1
"2963",-1
"2964",-1
"2965",-1
"2966",-1
"2967",-1
"2968",-1
"2969",-1
"2970",-1
"2971",0
"2972",0
"2973",0
"2974",0
"2975",0
"2976",0
"2977",0
"2978",0
"2979",0
"2980",0
"2981",0
"2982",0
"2983",0
"2984",0
"2985",0
"2986",0
"2987",0
"2988",0
"2989",0
"2990",0
"2991",-1
"2992",-1
"2993",-1
"2994",-1
"2995",-1
"2996",-1
"2997",-1
"2998",-1
"2999",-1
"3000",-1
"3001",1
"3002",1
"3003",1
"3004",1
"3005",1
"3006",1
"3007",1
"3008",1
"3009",1
"3010",1
"3011",1
"3012",1
"3013",1
"3014",1
"3015",1
"3016",1
"3017",1
"3018",1
"3019",1
"3020",1
"3021",-1
"3022",-1
"3023",-1
"3024",-1
"3025",-1
"3026",-1
"3027",-1
"3028",-1
"3029",-1
"3030",-1
"3031",-1
"3032",-1
"3033",-1
"3034",-1
"3035",-1
"3036",-1
"3037",-1
"3038",-1
"3039",-1
"3040",-1
"3041",0
"3042",0
"3043",0
"3044",0
"3045",0
"3046",0
"3047",0
"3048",0
"3049",0
"3050",0
"3051",0
"3052",0
"3053",0
"3054",0
"3055",0
"3056",0
"3057",0
"3058",0
"3059",0
"3060",0
"3061",-1
"3062",-1
"3063",-1
"3064",-1
"3065",-1
"3066",-1
"3067",-1
"3068",-1
"3069",-1
"3070",-1
"3071",0
"3072",0
"3073",0
"3074",0
"3075",0
"3076",0
"3077",0
"3078",0
"3079",0
"3080",0
"3081",0
"3082",0
"3083",0
"3084",0
"3085",0
"3086",0
"3087",0
"3088",0
"3089",0
"3090",0
"3091",-2
"3092",-2
"3093",-2
"3094",-2
"3095",-2
"3096",-2
"3097",-2
"3098",-2
"3099",-2
"3100",-2
"3101",2
"3102",2
"3103",2
"3104",2
"3105",2
"3106",2
"3107",2
"3108",2
"3109",2
"3110",2
"3111",-1
"3112",-1
"3113",-1
"3114",-1
"3115",-1
"3116",-1
"3117",-1
"3118",-1
"3119",-1
"3120",-1
"3121",0
"3122",0
"3123",0
"3124",0
"3125",0
"3126",0
"3127",0
"3128",0
"3129",0
"3130",0
"3131",1
"3132",1
"3133",1
"3134",1
"3135",1
"3136",1
"3137",1
"3138",1
"3139",1
"3140",1
"3141",0
"3142",0
"3143",0
"3144",0
"3145",0
"3146",0
"3147",0
"3148",0
"3149",0
"3150",0
"3151",0
"3152",0
"3153",0
"3154",0
"3155",0
"3156",0
"3157",0
"3158",0
"3159",0
"3160",0
"3161",-1
"3162",-1
"3163",-1
"3164",-1
"3165",-1
"3166",-1
"3167",-1
"3168",-1
"3169",-1
"3170",-1
"3171",1
"3172",1
"3173",1
"3174",1
"3175",1
"3176",1
"3177",1
"3178",1
"3179",1
"3180",1
"3181",0
"3182",0
"3183",0
"3184",0
"3185",0
"3186",0
"3187",0
"3188",0
"3189",0
"3190",0
"3191",-1
"3192",-1
"3193",-1
"3194",-1
"3195",-1
"3196",-1
"3197",-1
"3198",-1
"3199",-1
"3200",-1
"3201",-1
"3202",-1
"3203",-1
"3204",-1
"3205",-1
"3206",-1
"3207",-1
"3208",-1
"3209",-1
"3210",-1
"3211",-1
"3212",-1
"3213",-1
"3214",-1
"3215",-1
"3216",-1
"3217",-1
"3218",-1
"3219",-1
"3220",-1
"3221",1
"3222",1
"3223",1
"3224",1
"3225",1
"3226",1
"3227",1
"3228",1
"3229",1
"3230",1
"3231",-1
"3232",-1
"3233",-1
"3234",-1
"3235",-1
"3236",-1
"3237",-1
"3238",-1
"3239",-1
"3240",-1
"3241",-2
"3242",-2
"3243",-2
"3244",-2
"3245",-2
"3246",-2
"3247",-2
"3248",-2
"3249",-2
"3250",-2
"3251",-2
"3252",-2
"3253",-2
"3254",-2
"3255",-2
"3256",-2
"3257",-2
"3258",-2
"3259",-2
"3260",-2
"3261",0
"3262",0
"3263",0
"3264",0
"3265",0
"3266",0
"3267",0
"3268",0
"3269",0
"3270",0
"3271",0
"3272",0
"3273",0
"3274",0
"3275",0
"3276",0
"3277",0
"3278",0
"3279",0
"3280",0
"3281",0
"3282",0
"3283",0
"3284",0
"3285",0
"3286",0
"3287",0
"3288",0
"3289",0
"3290",0
"3291",0
"3292",0
"3293",0
"3294",0
"3295",0
"3296",0
"3297",0
"3298",0
"3299",0
"3300",0
"3301",1
"3302",1
"3303",1
"3304",1
"3305",1
"3306",1
"3307",1
"3308",1
"3309",1
"3310",1
"3311",1
"3312",1
"3313",1
"3314",1
"3315",1
"3316",1
"3317",1
"3318",1
"3319",1
"3320",1
"3321",2
"3322",2
"3323",2
"3324",2
"3325",2
"3326",2
"3327",2
"3328",2
"3329",2
"3330",2
"3331",-1
"3332",-1
"3333",-1
"3334",-1
"3335",-1
"3336",-1
"3337",-1
"3338",-1
"3339",-1
"3340",-1
"3341",2
"3342",2
"3343",2
"3344",2
"3345",2
"3346",2
"3347",2
"3348",2
"3349",2
"3350",2
"3351",0
"3352",0
"3353",0
"3354",0
"3355",0
"3356",0
"3357",0
"3358",0
"3359",0
"3360",0
"3361",0
"3362",0
"3363",0
"3364",0
"3365",0
"3366",0
"3367",0
"3368",0
"3369",0
"3370",0
"3371",0
"3372",0
"3373",0
"3374",0
"3375",0
"3376",0
"3377",0
"3378",0
"3379",0
"3380",0
"3381",0
"3382",0
"3383",0
"3384",0
"3385",0
"3386",0
"3387",0
"3388",0
"3389",0
"3390",0
"3391",2
"3392",2
"3393",2
"3394",2
"3395",2
"3396",2
"3397",2
"3398",2
"3399",2
"3400",2
"3401",1
"3402",1
"3403",1
"3404",1
"3405",1
"3406",1
"3407",1
"3408",1
"3409",1
"3410",1
"3411",0
"3412",0
"3413",0
"3414",0
"3415",0
"3416",0
"3417",0
"3418",0
"3419",0
"3420",0
"3421",-1
"3422",-1
"3423",-1
"3424",-1
"3425",-1
"3426",-1
"3427",-1
"3428",-1
"3429",-1
"3430",-1
"3431",-1
"3432",-1
"3433",-1
"3434",-1
"3435",-1
"3436",-1
"3437",-1
"3438",-1
"3439",-1
"3440",-1
"3441",1
"3442",1
"3443",1
"3444",1
"3445",1
"3446",1
"3447",1
"3448",1
"3449",1
"3450",1
"3451",0
"3452",0
"3453",0
"3454",0
"3455",0
"3456",0
"3457",0
"3458",0
"3459",0
"3460",0
"3461",1
"3462",1
"3463",1
"3464",1
"3465",1
"3466",1
"3467",1
"3468",1
"3469",1
"3470",1
"3471",0
"3472",0
"3473",0
"3474",0
"3475",0
"3476",0
"3477",0
"3478",0
"3479",0
"3480",0
"3481",0
"3482",0
"3483",0
"3484",0
"3485",0
"3486",0
"3487",0
"3488",0
"3489",0
"3490",0
"3491",1
"3492",1
"3493",1
"3494",1
"3495",1
"3496",1
"3497",1
"3498",1
"3499",1
"3500",1
"3501",1
"3502",1
"3503",1
"3504",1
"3505",1
"3506",1
"3507",1
"3508",1
"3509",1
"3510",1
"3511",0
"3512",0
"3513",0
"3514",0
"3515",0
"3516",0
"3517",0
"3518",0
"3519",0
"3520",0
"3521",-1
"3522",-1
"3523",-1
"3524",-1
"3525",-1
"3526",-1
"3527",-1
"3528",-1
"3529",-1
"3530",-1
"3531",-1
"3532",-1
"3533",-1
"3534",-1
"3535",-1
"3536",-1
"3537",-1
"3538",-1
"3539",-1
"3540",-1
"3541",1
"3542",1
"3543",1
"3544",1
"3545",1
"3546",1
"3547",1
"3548",1
"3549",1
"3550",1
"3551",1
"3552",1
"3553",1
"3554",1
"3555",1
"3556",1
"3557",1
"3558",1
"3559",1
"3560",1
"3561",1
"3562",1
"3563",1
"3564",1
"3565",1
"3566",1
"3567",1
"3568",1
"3569",1
"3570",1
"3571",0
"3572",0
"3573",0
"3574",0
"3575",0
"3576",0
"3577",0
"3578",0
"3579",0
"3580",0
"3581",-1
"3582",-1
"3583",-1
"3584",-1
"3585",-1
"3586",-1
"3587",-1
"3588",-1
"3589",-1
"3590",-1
"3591",0
"3592",0
"3593",0
"3594",0
"3595",0
"3596",0
"3597",0
"3598",0
"3599",0
"3600",0
"3601",0
"3602",0
"3603",0
"3604",0
"3605",0
"3606",0
"3607",0
"3608",0
"3609",0
"3610",0
"3611",0
"3612",0
"3613",0
"3614",0
"3615",0
"3616",0
"3617",0
"3618",0
"3619",0
"3620",0
"3621",-1
"3622",-1
"3623",-1
"3624",-1
"3625",-1
"3626",-1
"3627",-1
"3628",-1
"3629",-1
"3630",-1
"3631",0
"3632",0
"3633",0
"3634",0
"3635",0
"3636",0
"3637",0
"3638",0
"3639",0
"3640",0
"3641",-1
"3642",-1
"3643",-1
"3644",-1
"3645",-1
"3646",-1
"3647",-1
"3648",-1
"3649",-1
"3650",-1
"3651",-1
"3652",-1
"3653",-1
"3654",-1
"3655",-1
"3656",-1
"3657",-1
"3658",-1
"3659",-1
"3660",-1
"3661",2
"3662",2
"3663",2
"3664",2
"3665",2
"3666",2
"3667",2
"3668",2
"3669",2
"3670",2
"3671",0
"3672",0
"3673",0
"3674",0
"3675",0
"3676",0
"3677",0
"3678",0
"3679",0
"3680",0
"3681",0
"3682",0
"3683",0
"3684",0
"3685",0
"3686",0
"3687",0
"3688",0
"3689",0
"3690",0
"3691",-2
"3692",-2
"3693",-2
"3694",-2
"3695",-2
"3696",-2
"3697",-2
"3698",-2
"3699",-2
"3700",-2
"3701",0
"3702",0
"3703",0
"3704",0
"3705",0
"3706",0
"3707",0
"3708",0
"3709",0
"3710",0
"3711",0
"3712",0
"3713",0
"3714",0
"3715",0
"3716",0
"3717",0
"3718",0
"3719",0
"3720",0
"3721",0
"3722",0
"3723",0
"3724",0
"3725",0
"3726",0
"3727",0
"3728",0
"3729",0
"3730",0
"3731",0
"3732",0
"3733",0
"3734",0
"3735",0
"3736",0
"3737",0
"3738",0
"3739",0
"3740",0
"3741",0
"3742",0
"3743",0
"3744",0
"3745",0
"3746",0
"3747",0
"3748",0
"3749",0
"3750",0
"3751",0
"3752",0
"3753",0
"3754",0
"3755",0
"3756",0
"3757",0
"3758",0
"3759",0
"3760",0
"3761",1
"3762",1
"3763",1
"3764",1
"3765",1
"3766",1
"3767",1
"3768",1
"3769",1
"3770",1
"3771",1
"3772",1
"3773",1
"3774",1
"3775",1
"3776",1
"3777",1
"3778",1
"3779",1
"3780",1
"3781",-1
"3782",-1
"3783",-1
"3784",-1
"3785",-1
"3786",-1
"3787",-1
"3788",-1
"3789",-1
"3790",-1
"3791",0
"3792",0
"3793",0
"3794",0
"3795",0
"3796",0
"3797",0
"3798",0
"3799",0
"3800",0
"3801",0
"3802",0
"3803",0
"3804",0
"3805",0
"3806",0
"3807",0
"3808",0
"3809",0
"3810",0
"3811",-1
"3812",-1
"3813",-1
"3814",-1
"3815",-1
"3816",-1
"3817",-1
"3818",-1
"3819",-1
"3820",-1
"3821",-1
"3822",-1
"3823",-1
"3824",-1
"3825",-1
"3826",-1
"3827",-1
"3828",-1
"3829",-1
"3830",-1
"3831",-1
"3832",-1
"3833",-1
"3834",-1
"3835",-1
"3836",-1
"3837",-1
"3838",-1
"3839",-1
"3840",-1
"3841",3
"3842",3
"3843",3
"3844",3
"3845",3
"3846",3
"3847",3
"3848",3
"3849",3
"3850",3
"3851",0
"3852",0
"3853",0
"3854",0
"3855",0
"3856",0
"3857",0
"3858",0
"3859",0
"3860",0
"3861",0
"3862",0
"3863",0
"3864",0
"3865",0
"3866",0
"3867",0
"3868",0
"3869",0
"3870",0
"3871",1
"3872",1
"3873",1
"3874",1
"3875",1
"3876",1
"3877",1
"3878",1
"3879",1
"3880",1
"3881",-1
"3882",-1
"3883",-1
"3884",-1
"3885",-1
"3886",-1
"3887",-1
"3888",-1
"3889",-1
"3890",-1
"3891",-1
"3892",-1
"3893",-1
"3894",-1
"3895",-1
"3896",-1
"3897",-1
"3898",-1
"3899",-1
"3900",-1
"3901",1
"3902",1
"3903",1
"3904",1
"3905",1
"3906",1
"3907",1
"3908",1
"3909",1
"3910",1
"3911",-1
"3912",-1
"3913",-1
"3914",-1
"3915",-1
"3916",-1
"3917",-1
"3918",-1
"3919",-1
"3920",-1
"3921",-2
"3922",-2
"3923",-2
"3924",-2
"3925",-2
"3926",-2
"3927",-2
"3928",-2
"3929",-2
"3930",-2
"3931",2
"3932",2
"3933",2
"3934",2
"3935",2
"3936",2
"3937",2
"3938",2
"3939",2
"3940",2
"3941",0
"3942",0
"3943",0
"3944",0
"3945",0
"3946",0
"3947",0
"3948",0
"3949",0
"3950",0
"3951",2
"3952",2
"3953",2
"3954",2
"3955",2
"3956",2
"3957",2
"3958",2
"3959",2
"3960",2
"3961",0
"3962",0
"3963",0
"3964",0
"3965",0
"3966",0
"3967",0
"3968",0
"3969",0
"3970",0
"3971",-1
"3972",-1
"3973",-1
"3974",-1
"3975",-1
"3976",-1
"3977",-1
"3978",-1
"3979",-1
"3980",-1
"3981",-2
"3982",-2
"3983",-2
"3984",-2
"3985",-2
"3986",-2
"3987",-2
"3988",-2
"3989",-2
"3990",-2
"3991",-1
"3992",-1
"3993",-1
"3994",-1
"3995",-1
"3996",-1
"3997",-1
"3998",-1
"3999",-1
"4000",-1
"4001",2
"4002",2
"4003",2
"4004",2
"4005",2
"4006",2
"4007",2
"4008",2
"4009",2
"4010",2
"4011",-2
"4012",-2
"4013",-2
"4014",-2
"4015",-2
"4016",-2
"4017",-2
"4018",-2
"4019",-2
"4020",-2
"4021",-2
"4022",-2
"4023",-2
"4024",-2
"4025",-2
"4026",-2
"4027",-2
"4028",-2
"4029",-2
"4030",-2
"4031",-1
"4032",-1
"4033",-1
"4034",-1
"4035",-1
"4036",-1
"4037",-1
"4038",-1
"4039",-1
"4040",-1
"4041",1
"4042",1
"4043",1
"4044",1
"4045",1
"4046",1
"4047",1
"4048",1
"4049",1
"4050",1
"4051",-3
"4052",-3
"4053",-3
"4054",-3
"4055",-3
"4056",-3
"4057",-3
"4058",-3
"4059",-3
"4060",-3
"4061",1
"4062",1
"4063",1
"4064",1
"4065",1
"4066",1
"4067",1
"4068",1
"4069",1
"4070",1
"4071",2
"4072",2
"4073",2
"4074",2
"4075",2
"4076",2
"4077",2
"4078",2
"4079",2
"4080",2
"4081",-1
"4082",-1
"4083",-1
"4084",-1
"4085",-1
"4086",-1
"4087",-1
"4088",-1
"4089",-1
"4090",-1
"4091",0
"4092",0
"4093",0
"4094",0
"4095",0
"4096",0
"4097",0
"4098",0
"4099",0
"4100",0
"4101",1
"4102",1
"4103",1
"4104",1
"4105",1
"4106",1
"4107",1
"4108",1
"4109",1
"4110",1
"4111",0
"4112",0
"4113",0
"4114",0
"4115",0
"4116",0
"4117",0
"4118",0
"4119",0
"4120",0
"4121",1
"4122",1
"4123",1
"4124",1
"4125",1
"4126",1
"4127",1
"4128",1
"4129",1
"4130",1
"4131",0
"4132",0
"4133",0
"4134",0
"4135",0
"4136",0
"4137",0
"4138",0
"4139",0
"4140",0
"4141",-2
"4142",-2
"4143",-2
"4144",-2
"4145",-2
"4146",-2
"4147",-2
"4148",-2
"4149",-2
"4150",-2
"4151",-1
"4152",-1
"4153",-1
"4154",-1
"4155",-1
"4156",-1
"4157",-1
"4158",-1
"4159",-1
"4160",-1
"4161",-1
"4162",-1
"4163",-1
"4164",-1
"4165",-1
"4166",-1
"4167",-1
"4168",-1
"4169",-1
"4170",-1
"4171",0
"4172",0
"4173",0
"4174",0
"4175",0
"4176",0
"4177",0
"4178",0
"4179",0
"4180",0
"4181",2
"4182",2
"4183",2
"4184",2
"4185",2
"4186",2
"4187",2
"4188",2
"4189",2
"4190",2
"4191",1
"4192",1
"4193",1
"4194",1
"4195",1
"4196",1
"4197",1
"4198",1
"4199",1
"4200",1
"4201",1
"4202",1
"4203",1
"4204",1
"4205",1
"4206",1
"4207",1
"4208",1
"4209",1
"4210",1
"4211",0
"4212",0
"4213",0
"4214",0
"4215",0
"4216",0
"4217",0
"4218",0
"4219",0
"4220",0
"4221",0
"4222",0
"4223",0
"4224",0
"4225",0
"4226",0
"4227",0
"4228",0
"4229",0
"4230",0
"4231",2
"4232",2
"4233",2
"4234",2
"4235",2
"4236",2
"4237",2
"4238",2
"4239",2
"4240",2
"4241",0
"4242",0
"4243",0
"4244",0
"4245",0
"4246",0
"4247",0
"4248",0
"4249",0
"4250",0
"4251",-1
"4252",-1
"4253",-1
"4254",-1
"4255",-1
"4256",-1
"4257",-1
"4258",-1
"4259",-1
"4260",-1
"4261",-1
"4262",-1
"4263",-1
"4264",-1
"4265",-1
"4266",-1
"4267",-1
"4268",-1
"4269",-1
"4270",-1
"4271",2
"4272",2
"4273",2
"4274",2
"4275",2
"4276",2
"4277",2
"4278",2
"4279",2
"4280",2
"4281",0
"4282",0
"4283",0
"4284",0
"4285",0
"4286",0
"4287",0
"4288",0
"4289",0
"4290",0
"4291",-1
"4292",-1
"4293",-1
"4294",-1
"4295",-1
"4296",-1
"4297",-1
"4298",-1
"4299",-1
"4300",-1
"4301",1
"4302",1
"4303",1
"4304",1
"4305",1
"4306",1
"4307",1
"4308",1
"4309",1
"4310",1
"4311",0
"4312",0
"4313",0
"4314",0
"4315",0
"4316",0
"4317",0
"4318",0
"4319",0
"4320",0
"4321",-1
"4322",-1
"4323",-1
"4324",-1
"4325",-1
"4326",-1
"4327",-1
"4328",-1
"4329",-1
"4330",-1
"4331",0
"4332",0
"4333",0
"4334",0
"4335",0
"4336",0
"4337",0
"4338",0
"4339",0
"4340",0
"4341",-1
"4342",-1
"4343",-1
"4344",-1
"4345",-1
"4346",-1
"4347",-1
"4348",-1
"4349",-1
"4350",-1
"4351",0
"4352",0
"4353",0
"4354",0
"4355",0
"4356",0
"4357",0
"4358",0
"4359",0
"4360",0
"4361",-2
"4362",-2
"4363",-2
"4364",-2
"4365",-2
"4366",-2
"4367",-2
"4368",-2
"4369",-2
"4370",-2
"4371",-2
"4372",-2
"4373",-2
"4374",-2
"4375",-2
"4376",-2
"4377",-2
"4378",-2
"4379",-2
"4380",-2
"4381",0
"4382",0
"4383",0
"4384",0
"4385",0
"4386",0
"4387",0
"4388",0
"4389",0
"4390",0
"4391",-1
"4392",-1
"4393",-1
"4394",-1
"4395",-1
"4396",-1
"4397",-1
"4398",-1
"4399",-1
"4400",-1
"4401",0
"4402",0
"4403",0
"4404",0
"4405",0
"4406",0
"4407",0
"4408",0
"4409",0
"4410",0
"4411",-1
"4412",-1
"4413",-1
"4414",-1
"4415",-1
"4416",-1
"4417",-1
"4418",-1
"4419",-1
"4420",-1
"4421",1
"4422",1
"4423",1
"4424",1
"4425",1
"4426",1
"4427",1
"4428",1
"4429",1
"4430",1
"4431",-1
"4432",-1
"4433",-1
"4434",-1
"4435",-1
"4436",-1
"4437",-1
"4438",-1
"4439",-1
"4440",-1
"4441",-1
"4442",-1
"4443",-1
"4444",-1
"4445",-1
"4446",-1
"4447",-1
"4448",-1
"4449",-1
"4450",-1
"4451",1
"4452",1
"4453",1
"4454",1
"4455",1
"4456",1
"4457",1
"4458",1
"4459",1
"4460",1
"4461",2
"4462",2
"4463",2
"4464",2
"4465",2
"4466",2
"4467",2
"4468",2
"4469",2
"4470",2
"4471",-1
"4472",-1
"4473",-1
"4474",-1
"4475",-1
"4476",-1
"4477",-1
"4478",-1
"4479",-1
"4480",-1
"4481",1
"4482",1
"4483",1
"4484",1
"4485",1
"4486",1
"4487",1
"4488",1
"4489",1
"4490",1
"4491",-1
"4492",-1
"4493",-1
"4494",-1
"4495",-1
"4496",-1
"4497",-1
"4498",-1
"4499",-1
"4500",-1
"4501",-1
"4502",-1
"4503",-1
"4504",-1
"4505",-1
"4506",-1
"4507",-1
"4508",-1
"4509",-1
"4510",-1
"4511",-3
"4512",-3
"4513",-3
"4514",-3
"4515",-3
"4516",-3
"4517",-3
"4518",-3
"4519",-3
"4520",-3
"4521",0
"4522",0
"4523",0
"4524",0
"4525",0
"4526",0
"4527",0
"4528",0
"4529",0
"4530",0
"4531",1
"4532",1
"4533",1
"4534",1
"4535",1
"4536",1
"4537",1
"4538",1
"4539",1
"4540",1
"4541",-2
"4542",-2
"4543",-2
"4544",-2
"4545",-2
"4546",-2
"4547",-2
"4548",-2
"4549",-2
"4550",-2
"4551",1
"4552",1
"4553",1
"4554",1
"4555",1
"4556",1
"4557",1
"4558",1
"4559",1
"4560",1
"4561",1
"4562",1
"4563",1
"4564",1
"4565",1
"4566",1
"4567",1
"4568",1
"4569",1
"4570",1
"4571",0
"4572",0
"4573",0
"4574",0
"4575",0
"4576",0
"4577",0
"4578",0
"4579",0
"4580",0
"4581",0
"4582",0
"4583",0
"4584",0
"4585",0
"4586",0
"4587",0
"4588",0
"4589",0
"4590",0
"4591",0
"4592",0
"4593",0
"4594",0
"4595",0
"4596",0
"4597",0
"4598",0
"4599",0
"4600",0
"4601",2
"4602",2
"4603",2
"4604",2
"4605",2
"4606",2
"4607",2
"4608",2
"4609",2
"4610",2
"4611",2
"4612",2
"4613",2
"4614",2
"4615",2
"4616",2
"4617",2
"4618",2
"4619",2
"4620",2
"4621",1
"4622",1
"4623",1
"4624",1
"4625",1
"4626",1
"4627",1
"4628",1
"4629",1
"4630",1
"4631",2
"4632",2
"4633",2
"4634",2
"4635",2
"4636",2
"4637",2
"4638",2
"4639",2
"4640",2
"4641",-1
"4642",-1
"4643",-1
"4644",-1
"4645",-1
"4646",-1
"4647",-1
"4648",-1
"4649",-1
"4650",-1
"4651",0
"4652",0
"4653",0
"4654",0
"4655",0
"4656",0
"4657",0
"4658",0
"4659",0
"4660",0
"4661",1
"4662",1
"4663",1
"4664",1
"4665",1
"4666",1
"4667",1
"4668",1
"4669",1
"4670",1
"4671",-1
"4672",-1
"4673",-1
"4674",-1
"4675",-1
"4676",-1
"4677",-1
"4678",-1
"4679",-1
"4680",-1
"4681",0
"4682",0
"4683",0
"4684",0
"4685",0
"4686",0
"4687",0
"4688",0
"4689",0
"4690",0
"4691",-1
"4692",-1
"4693",-1
"4694",-1
"4695",-1
"4696",-1
"4697",-1
"4698",-1
"4699",-1
"4700",-1
"4701",-1
"4702",-1
"4703",-1
"4704",-1
"4705",-1
"4706",-1
"4707",-1
"4708",-1
"4709",-1
"4710",-1
"4711",1
"4712",1
"4713",1
"4714",1
"4715",1
"4716",1
"4717",1
"4718",1
"4719",1
"4720",1
"4721",0
"4722",0
"4723",0
"4724",0
"4725",0
"4726",0
"4727",0
"4728",0
"4729",0
"4730",0
"4731",1
"4732",1
"4733",1
"4734",1
"4735",1
"4736",1
"4737",1
"4738",1
"4739",1
"4740",1
"4741",0
"4742",0
"4743",0
"4744",0
"4745",0
"4746",0
"4747",0
"4748",0
"4749",0
"4750",0
"4751",-2
"4752",-2
"4753",-2
"4754",-2
"4755",-2
"4756",-2
"4757",-2
"4758",-2
"4759",-2
"4760",-2
"4761",1
"4762",1
"4763",1
"4764",1
"4765",1
"4766",1
"4767",1
"4768",1
"4769",1
"4770",1
"4771",0
"4772",0
"4773",0
"4774",0
"4775",0
"4776",0
"4777",0
"4778",0
"4779",0
"4780",0
"4781",0
"4782",0
"4783",0
"4784",0
"4785",0
"4786",0
"4787",0
"4788",0
"4789",0
"4790",0
"4791",0
"4792",0
"4793",0
"4794",0
"4795",0
"4796",0
"4797",0
"4798",0
"4799",0
"4800",0
"4801",1
"4802",1
"4803",1
"4804",1
"4805",1
"4806",1
"4807",1
"4808",1
"4809",1
"4810",1
"4811",1
"4812",1
"4813",1
"4814",1
"4815",1
"4816",1
"4817",1
"4818",1
"4819",1
"4820",1
"4821",-2
"4822",-2
"4823",-2
"4824",-2
"4825",-2
"4826",-2
"4827",-2
"4828",-2
"4829",-2
"4830",-2
"4831",0
"4832",0
"4833",0
"4834",0
"4835",0
"4836",0
"4837",0
"4838",0
"4839",0
"4840",0
"4841",0
"4842",0
"4843",0
"4844",0
"4845",0
"4846",0
"4847",0
"4848",0
"4849",0
"4850",0
"4851",0
"4852",0
"4853",0
"4854",0
"4855",0
"4856",0
"4857",0
"4858",0
"4859",0
"4860",0
"4861",1
"4862",1
"4863",1
"4864",1
"4865",1
"4866",1
"4867",1
"4868",1
"4869",1
"4870",1
"4871",0
"4872",0
"4873",0
"4874",0
"4875",0
"4876",0
"4877",0
"4878",0
"4879",0
"4880",0
"4881",1
"4882",1
"4883",1
"4884",1
"4885",1
"4886",1
"4887",1
"4888",1
"4889",1
"4890",1
"4891",-1
"4892",-1
"4893",-1
"4894",-1
"4895",-1
"4896",-1
"4897",-1
"4898",-1
"4899",-1
"4900",-1
"4901",0
"4902",0
"4903",0
"4904",0
"4905",0
"4906",0
"4907",0
"4908",0
"4909",0
"4910",0
"4911",2
"4912",2
"4913",2
"4914",2
"4915",2
"4916",2
"4917",2
"4918",2
"4919",2
"4920",2
"4921",0
"4922",0
"4923",0
"4924",0
"4925",0
"4926",0
"4927",0
"4928",0
"4929",0
"4930",0
"4931",1
"4932",1
"4933",1
"4934",1
"4935",1
"4936",1
"4937",1
"4938",1
"4939",1
"4940",1
"4941",-2
"4942",-2
"4943",-2
"4944",-2
"4945",-2
"4946",-2
"4947",-2
"4948",-2
"4949",-2
"4950",-2
"4951",0
"4952",0
"4953",0
"4954",0
"4955",0
"4956",0
"4957",0
"4958",0
"4959",0
"4960",0
"4961",0
"4962",0
"4963",0
"4964",0
"4965",0
"4966",0
"4967",0
"4968",0
"4969",0
"4970",0
"4971",0
"4972",0
"4973",0
"4974",0
"4975",0
"4976",0
"4977",0
"4978",0
"4979",0
"4980",0
"4981",1
"4982",1
"4983",1
"4984",1
"4985",1
"4986",1
"4987",1
"4988",1
"4989",1
"4990",1
"4991",1
"4992",1
"4993",1
"4994",1
"4995",1
"4996",1
"4997",1
"4998",1
"4999",1
"5000",1
"5001",0
"5002",0
"5003",0
"5004",0
"5005",0
"5006",0
"5007",0
"5008",0
"5009",0
"5010",0
"5011",0
"5012",0
"5013",0
"5014",0
"5015",0
"5016",0
"5017",0
"5018",0
"5019",0
"5020",0
"5021",0
"5022",0
"5023",0
"5024",0
"5025",0
"5026",0
"5027",0
"5028",0
"5029",0
"5030",0
"5031",0
"5032",0
"5033",0
"5034",0
"5035",0
"5036",0
"5037",0
"5038",0
"5039",0
"5040",0
"5041",0
"5042",0
"5043",0
"5044",0
"5045",0
"5046",0
"5047",0
"5048",0
"5049",0
"5050",0
"5051",0
"5052",0
"5053",0
"5054",0
"5055",0
"5056",0
"5057",0
"5058",0
"5059",0
"5060",0
"5061",-1
"5062",-1
"5063",-1
"5064",-1
"5065",-1
"5066",-1
"5067",-1
"5068",-1
"5069",-1
"5070",-1
"5071",1
"5072",1
"5073",1
"5074",1
"5075",1
"5076",1
"5077",1
"5078",1
"5079",1
"5080",1
"5081",1
"5082",1
"5083",1
"5084",1
"5085",1
"5086",1
"5087",1
"5088",1
"5089",1
"5090",1
"5091",0
"5092",0
"5093",0
"5094",0
"5095",0
"5096",0
"5097",0
"5098",0
"5099",0
"5100",0
"5101",-1
"5102",-1
"5103",-1
"5104",-1
"5105",-1
"5106",-1
"5107",-1
"5108",-1
"5109",-1
"5110",-1
"5111",0
"5112",0
"5113",0
"5114",0
"5115",0
"5116",0
"5117",0
"5118",0
"5119",0
"5120",0
"5121",0
"5122",0
"5123",0
"5124",0
"5125",0
"5126",0
"5127",0
"5128",0
"5129",0
"5130",0
"5131",-1
"5132",-1
"5133",-1
"5134",-1
"5135",-1
"5136",-1
"5137",-1
"5138",-1
"5139",-1
"5140",-1
"5141",-1
"5142",-1
"5143",-1
"5144",-1
"5145",-1
"5146",-1
"5147",-1
"5148",-1
"5149",-1
"5150",-1
"5151",1
"5152",1
"5153",1
"5154",1
"5155",1
"5156",1
"5157",1
"5158",1
"5159",1
"5160",1
"5161",-1
"5162",-1
"5163",-1
"5164",-1
"5165",-1
"5166",-1
"5167",-1
"5168",-1
"5169",-1
"5170",-1
"5171",-1
"5172",-1
"5173",-1
"5174",-1
"5175",-1
"5176",-1
"5177",-1
"5178",-1
"5179",-1
"5180",-1
"5181",0
"5182",0
"5183",0
"5184",0
"5185",0
"5186",0
"5187",0
"5188",0
"5189",0
"5190",0
"5191",0
"5192",0
"5193",0
"5194",0
"5195",0
"5196",0
"5197",0
"5198",0
"5199",0
"5200",0
"5201",1
"5202",1
"5203",1
"5204",1
"5205",1
"5206",1
"5207",1
"5208",1
"5209",1
"5210",1
"5211",0
"5212",0
"5213",0
"5214",0
"5215",0
"5216",0
"5217",0
"5218",0
"5219",0
"5220",0
"5221",0
"5222",0
"5223",0
"5224",0
"5225",0
"5226",0
"5227",0
"5228",0
"5229",0
"5230",0
"5231",0
"5232",0
"5233",0
"5234",0
"5235",0
"5236",0
"5237",0
"5238",0
"5239",0
"5240",0
"5241",1
"5242",1
"5243",1
"5244",1
"5245",1
"5246",1
"5247",1
"5248",1
"5249",1
"5250",1
"5251",-1
"5252",-1
"5253",-1
"5254",-1
"5255",-1
"5256",-1
"5257",-1
"5258",-1
"5259",-1
"5260",-1
"5261",-2
"5262",-2
"5263",-2
"5264",-2
"5265",-2
"5266",-2
"5267",-2
"5268",-2
"5269",-2
"5270",-2
"5271",0
"5272",0
"5273",0
"5274",0
"5275",0
"5276",0
"5277",0
"5278",0
"5279",0
"5280",0
"5281",-2
"5282",-2
"5283",-2
"5284",-2
"5285",-2
"5286",-2
"5287",-2
"5288",-2
"5289",-2
"5290",-2
"5291",0
"5292",0
"5293",0
"5294",0
"5295",0
"5296",0
"5297",0
"5298",0
"5299",0
"5300",0
"5301",0
"5302",0
"5303",0
"5304",0
"5305",0
"5306",0
"5307",0
"5308",0
"5309",0
"5310",0
"5311",-1
"5312",-1
"5313",-1
"5314",-1
"5315",-1
"5316",-1
"5317",-1
"5318",-1
"5319",-1
"5320",-1
"5321",0
"5322",0
"5323",0
"5324",0
"5325",0
"5326",0
"5327",0
"5328",0
"5329",0
"5330",0
"5331",1
"5332",1
"5333",1
"5334",1
"5335",1
"5336",1
"5337",1
"5338",1
"5339",1
"5340",1
"5341",-1
"5342",-1
"5343",-1
"5344",-1
"5345",-1
"5346",-1
"5347",-1
"5348",-1
"5349",-1
"5350",-1
"5351",0
"5352",0
"5353",0
"5354",0
"5355",0
"5356",0
"5357",0
"5358",0
"5359",0
"5360",0
"5361",-1
"5362",-1
"5363",-1
"5364",-1
"5365",-1
"5366",-1
"5367",-1
"5368",-1
"5369",-1
"5370",-1
"5371",1
"5372",1
"5373",1
"5374",1
"5375",1
"5376",1
"5377",1
"5378",1
"5379",1
"5380",1
"5381",-1
"5382",-1
"5383",-1
"5384",-1
"5385",-1
"5386",-1
"5387",-1
"5388",-1
"5389",-1
"5390",-1
"5391",-1
"5392",-1
"5393",-1
"5394",-1
"5395",-1
"5396",-1
"5397",-1
"5398",-1
"5399",-1
"5400",-1
"5401",0
"5402",0
"5403",0
"5404",0
"5405",0
"5406",0
"5407",0
"5408",0
"5409",0
"5410",0
"5411",2
"5412",2
"5413",2
"5414",2
"5415",2
"5416",2
"5417",2
"5418",2
"5419",2
"5420",2
"5421",0
"5422",0
"5423",0
"5424",0
"5425",0
"5426",0
"5427",0
"5428",0
"5429",0
"5430",0
"5431",0
"5432",0
"5433",0
"5434",0
"5435",0
"5436",0
"5437",0
"5438",0
"5439",0
"5440",0
"5441",1
"5442",1
"5443",1
"5444",1
"5445",1
"5446",1
"5447",1
"5448",1
"5449",1
"5450",1
"5451",1
"5452",1
"5453",1
"5454",1
"5455",1
"5456",1
"5457",1
"5458",1
"5459",1
"5460",1
"5461",-1
"5462",-1
"5463",-1
"5464",-1
"5465",-1
"5466",-1
"5467",-1
"5468",-1
"5469",-1
"5470",-1
"5471",2
"5472",2
"5473",2
"5474",2
"5475",2
"5476",2
"5477",2
"5478",2
"5479",2
"5480",2
"5481",1
"5482",1
"5483",1
"5484",1
"5485",1
"5486",1
"5487",1
"5488",1
"5489",1
"5490",1
"5491",0
"5492",0
"5493",0
"5494",0
"5495",0
"5496",0
"5497",0
"5498",0
"5499",0
"5500",0
"5501",1
"5502",1
"5503",1
"5504",1
"5505",1
"5506",1
"5507",1
"5508",1
"5509",1
"5510",1
"5511",-2
"5512",-2
"5513",-2
"5514",-2
"5515",-2
"5516",-2
"5517",-2
"5518",-2
"5519",-2
"5520",-2
"5521",-1
"5522",-1
"5523",-1
"5524",-1
"5525",-1
"5526",-1
"5527",-1
"5528",-1
"5529",-1
"5530",-1
"5531",1
"5532",1
"5533",1
"5534",1
"5535",1
"5536",1
"5537",1
"5538",1
"5539",1
"5540",1
"5541",1
"5542",1
"5543",1
"5544",1
"5545",1
"5546",1
"5547",1
"5548",1
"5549",1
"5550",1
"5551",0
"5552",0
"5553",0
"5554",0
"5555",0
"5556",0
"5557",0
"5558",0
"5559",0
"5560",0
"5561",1
"5562",1
"5563",1
"5564",1
"5565",1
"5566",1
"5567",1
"5568",1
"5569",1
"5570",1
"5571",0
"5572",0
"5573",0
"5574",0
"5575",0
"5576",0
"5577",0
"5578",0
"5579",0
"5580",0
"5581",-1
"5582",-1
"5583",-1
"5584",-1
"5585",-1
"5586",-1
"5587",-1
"5588",-1
"5589",-1
"5590",-1
"5591",1
"5592",1
"5593",1
"5594",1
"5595",1
"5596",1
"5597",1
"5598",1
"5599",1
"5600",1
"5601",0
"5602",0
"5603",0
"5604",0
"5605",0
"5606",0
"5607",0
"5608",0
"5609",0
"5610",0
"5611",-1
"5612",-1
"5613",-1
"5614",-1
"5615",-1
"5616",-1
"5617",-1
"5618",-1
"5619",-1
"5620",-1
"5621",-1
"5622",-1
"5623",-1
"5624",-1
"5625",-1
"5626",-1
"5627",-1
"5628",-1
"5629",-1
"5630",-1
"5631",1
"5632",1
"5633",1
"5634",1
"5635",1
"5636",1
"5637",1
"5638",1
"5639",1
"5640",1
"5641",0
"5642",0
"5643",0
"5644",0
"5645",0
"5646",0
"5647",0
"5648",0
"5649",0
"5650",0
"5651",0
"5652",0
"5653",0
"5654",0
"5655",0
"5656",0
"5657",0
"5658",0
"5659",0
"5660",0
"5661",0
"5662",0
"5663",0
"5664",0
"5665",0
"5666",0
"5667",0
"5668",0
"5669",0
"5670",0
"5671",0
"5672",0
"5673",0
"5674",0
"5675",0
"5676",0
"5677",0
"5678",0
"5679",0
"5680",0
"5681",0
"5682",0
"5683",0
"5684",0
"5685",0
"5686",0
"5687",0
"5688",0
"5689",0
"5690",0
"5691",0
"5692",0
"5693",0
"5694",0
"5695",0
"5696",0
"5697",0
"5698",0
"5699",0
"5700",0
"5701",-2
"5702",-2
"5703",-2
"5704",-2
"5705",-2
"5706",-2
"5707",-2
"5708",-2
"5709",-2
"5710",-2
"5711",1
"5712",1
"5713",1
"5714",1
"5715",1
"5716",1
"5717",1
"5718",1
"5719",1
"5720",1
"5721",-1
"5722",-1
"5723",-1
"5724",-1
"5725",-1
"5726",-1
"5727",-1
"5728",-1
"5729",-1
"5730",-1
"5731",-1
"5732",-1
"5733",-1
"5734",-1
"5735",-1
"5736",-1
"5737",-1
"5738",-1
"5739",-1
"5740",-1
"5741",0
"5742",0
"5743",0
"5744",0
"5745",0
"5746",0
"5747",0
"5748",0
"5749",0
"5750",0
"5751",-1
"5752",-1
"5753",-1
"5754",-1
"5755",-1
"5756",-1
"5757",-1
"5758",-1
"5759",-1
"5760",-1
"5761",0
"5762",0
"5763",0
"5764",0
"5765",0
"5766",0
"5767",0
"5768",0
"5769",0
"5770",0
"5771",-1
"5772",-1
"5773",-1
"5774",-1
"5775",-1
"5776",-1
"5777",-1
"5778",-1
"5779",-1
"5780",-1
"5781",1
"5782",1
"5783",1
"5784",1
"5785",1
"5786",1
"5787",1
"5788",1
"5789",1
"5790",1
"5791",0
"5792",0
"5793",0
"5794",0
"5795",0
"5796",0
"5797",0
"5798",0
"5799",0
"5800",0
"5801",-1
"5802",-1
"5803",-1
"5804",-1
"5805",-1
"5806",-1
"5807",-1
"5808",-1
"5809",-1
"5810",-1
"5811",1
"5812",1
"5813",1
"5814",1
"5815",1
"5816",1
"5817",1
"5818",1
"5819",1
"5820",1
"5821",0
"5822",0
"5823",0
"5824",0
"5825",0
"5826",0
"5827",0
"5828",0
"5829",0
"5830",0
"5831",0
"5832",0
"5833",0
"5834",0
"5835",0
"5836",0
"5837",0
"5838",0
"5839",0
"5840",0
"5841",-2
"5842",-2
"5843",-2
"5844",-2
"5845",-2
"5846",-2
"5847",-2
"5848",-2
"5849",-2
"5850",-2
"5851",-2
"5852",-2
"5853",-2
"5854",-2
"5855",-2
"5856",-2
"5857",-2
"5858",-2
"5859",-2
"5860",-2
"5861",-1
"5862",-1
"5863",-1
"5864",-1
"5865",-1
"5866",-1
"5867",-1
"5868",-1
"5869",-1
"5870",-1
"5871",-1
"5872",-1
"5873",-1
"5874",-1
"5875",-1
"5876",-1
"5877",-1
"5878",-1
"5879",-1
"5880",-1
"5881",0
"5882",0
"5883",0
"5884",0
"5885",0
"5886",0
"5887",0
"5888",0
"5889",0
"5890",0
"5891",1
"5892",1
"5893",1
"5894",1
"5895",1
"5896",1
"5897",1
"5898",1
"5899",1
"5900",1
"5901",0
"5902",0
"5903",0
"5904",0
"5905",0
"5906",0
"5907",0
"5908",0
"5909",0
"5910",0
"5911",0
"5912",0
"5913",0
"5914",0
"5915",0
"5916",0
"5917",0
"5918",0
"5919",0
"5920",0
"5921",1
"5922",1
"5923",1
"5924",1
"5925",1
"5926",1
"5927",1
"5928",1
"5929",1
"5930",1
"5931",-2
"5932",-2
"5933",-2
"5934",-2
"5935",-2
"5936",-2
"5937",-2
"5938",-2
"5939",-2
"5940",-2
"5941",1
"5942",1
"5943",1
"5944",1
"5945",1
"5946",1
"5947",1
"5948",1
"5949",1
"5950",1
"5951",-1
"5952",-1
"5953",-1
"5954",-1
"5955",-1
"5956",-1
"5957",-1
"5958",-1
"5959",-1
"5960",-1
"5961",2
"5962",2
"5963",2
"5964",2
"5965",2
"5966",2
"5967",2
"5968",2
"5969",2
"5970",2
"5971",-2
"5972",-2
"5973",-2
"5974",-2
"5975",-2
"5976",-2
"5977",-2
"5978",-2
"5979",-2
"5980",-2
"5981",1
"5982",1
"5983",1
"5984",1
"5985",1
"5986",1
"5987",1
"5988",1
"5989",1
"5990",1
"5991",0
"5992",0
"5993",0
"5994",0
"5995",0
"5996",0
"5997",0
"5998",0
"5999",0
"6000",0
"6001",0
"6002",0
"6003",0
"6004",0
"6005",0
"6006",0
"6007",0
"6008",0
"6009",0
"6010",0
"6011",0
"6012",0
"6013",0
"6014",0
"6015",0
"6016",0
"6017",0
"6018",0
"6019",0
"6020",0
"6021",0
"6022",0
"6023",0
"6024",0
"6025",0
"6026",0
"6027",0
"6028",0
"6029",0
"6030",0
"6031",0
"6032",0
"6033",0
"6034",0
"6035",0
"6036",0
"6037",0
"6038",0
"6039",0
"6040",0
"6041",2
"6042",2
"6043",2
"6044",2
"6045",2
"6046",2
"6047",2
"6048",2
"6049",2
"6050",2
"6051",1
"6052",1
"6053",1
"6054",1
"6055",1
"6056",1
"6057",1
"6058",1
"6059",1
"6060",1
"6061",-1
"6062",-1
"6063",-1
"6064",-1
"6065",-1
"6066",-1
"6067",-1
"6068",-1
"6069",-1
"6070",-1
"6071",0
"6072",0
"6073",0
"6074",0
"6075",0
"6076",0
"6077",0
"6078",0
"6079",0
"6080",0
"6081",-2
"6082",-2
"6083",-2
"6084",-2
"6085",-2
"6086",-2
"6087",-2
"6088",-2
"6089",-2
"6090",-2
"6091",-1
"6092",-1
"6093",-1
"6094",-1
"6095",-1
"6096",-1
"6097",-1
"6098",-1
"6099",-1
"6100",-1
"6101",1
"6102",1
"6103",1
"6104",1
"6105",1
"6106",1
"6107",1
"6108",1
"6109",1
"6110",1
"6111",1
"6112",1
"6113",1
"6114",1
"6115",1
"6116",1
"6117",1
"6118",1
"6119",1
"6120",1
"6121",1
"6122",1
"6123",1
"6124",1
"6125",1
"6126",1
"6127",1
"6128",1
"6129",1
"6130",1
"6131",-1
"6132",-1
"6133",-1
"6134",-1
"6135",-1
"6136",-1
"6137",-1
"6138",-1
"6139",-1
"6140",-1
"6141",-1
"6142",-1
"6143",-1
"6144",-1
"6145",-1
"6146",-1
"6147",-1
"6148",-1
"6149",-1
"6150",-1
"6151",1
"6152",1
"6153",1
"6154",1
"6155",1
"6156",1
"6157",1
"6158",1
"6159",1
"6160",1
"6161",-1
"6162",-1
"6163",-1
"6164",-1
"6165",-1
"6166",-1
"6167",-1
"6168",-1
"6169",-1
"6170",-1
"6171",0
"6172",0
"6173",0
"6174",0
"6175",0
"6176",0
"6177",0
"6178",0
"6179",0
"6180",0
"6181",0
"6182",0
"6183",0
"6184",0
"6185",0
"6186",0
"6187",0
"6188",0
"6189",0
"6190",0
"6191",1
"6192",1
"6193",1
"6194",1
"6195",1
"6196",1
"6197",1
"6198",1
"6199",1
"6200",1
"6201",-1
"6202",-1
"6203",-1
"6204",-1
"6205",-1
"6206",-1
"6207",-1
"6208",-1
"6209",-1
"6210",-1
"6211",0
"6212",0
"6213",0
"6214",0
"6215",0
"6216",0
"6217",0
"6218",0
"6219",0
"6220",0
"6221",1
"6222",1
"6223",1
"6224",1
"6225",1
"6226",1
"6227",1
"6228",1
"6229",1
"6230",1
"6231",0
"6232",0
"6233",0
"6234",0
"6235",0
"6236",0
"6237",0
"6238",0
"6239",0
"6240",0
"6241",0
"6242",0
"6243",0
"6244",0
"6245",0
"6246",0
"6247",0
"6248",0
"6249",0
"6250",0
"6251",1
"6252",1
"6253",1
"6254",1
"6255",1
"6256",1
"6257",1
"6258",1
"6259",1
"6260",1
"6261",0
"6262",0
"6263",0
"6264",0
"6265",0
"6266",0
"6267",0
"6268",0
"6269",0
"6270",0
"6271",-1
"6272",-1
"6273",-1
"6274",-1
"6275",-1
"6276",-1
"6277",-1
"6278",-1
"6279",-1
"6280",-1
"6281",0
"6282",0
"6283",0
"6284",0
"6285",0
"6286",0
"6287",0
"6288",0
"6289",0
"6290",0
"6291",0
"6292",0
"6293",0
"6294",0
"6295",0
"6296",0
"6297",0
"6298",0
"6299",0
"6300",0
"6301",1
"6302",1
"6303",1
"6304",1
"6305",1
"6306",1
"6307",1
"6308",1
"6309",1
"6310",1
"6311",1
"6312",1
"6313",1
"6314",1
"6315",1
"6316",1
"6317",1
"6318",1
"6319",1
"6320",1
"6321",0
"6322",0
"6323",0
"6324",0
"6325",0
"6326",0
"6327",0
"6328",0
"6329",0
"6330",0
"6331",1
"6332",1
"6333",1
"6334",1
"6335",1
"6336",1
"6337",1
"6338",1
"6339",1
"6340",1
"6341",2
"6342",2
"6343",2
"6344",2
"6345",2
"6346",2
"6347",2
"6348",2
"6349",2
"6350",2
"6351",1
"6352",1
"6353",1
"6354",1
"6355",1
"6356",1
"6357",1
"6358",1
"6359",1
"6360",1
"6361",-1
"6362",-1
"6363",-1
"6364",-1
"6365",-1
"6366",-1
"6367",-1
"6368",-1
"6369",-1
"6370",-1
"6371",0
"6372",0
"6373",0
"6374",0
"6375",0
"6376",0
"6377",0
"6378",0
"6379",0
"6380",0
"6381",1
"6382",1
"6383",1
"6384",1
"6385",1
"6386",1
"6387",1
"6388",1
"6389",1
"6390",1
"6391",1
"6392",1
"6393",1
"6394",1
"6395",1
"6396",1
"6397",1
"6398",1
"6399",1
"6400",1
"6401",-1
"6402",-1
"6403",-1
"6404",-1
"6405",-1
"6406",-1
"6407",-1
"6408",-1
"6409",-1
"6410",-1
"6411",-1
"6412",-1
"6413",-1
"6414",-1
"6415",-1
"6416",-1
"6417",-1
"6418",-1
"6419",-1
"6420",-1
"6421",2
"6422",2
"6423",2
"6424",2
"6425",2
"6426",2
"6427",2
"6428",2
"6429",2
"6430",2
"6431",-1
"6432",-1
"6433",-1
"6434",-1
"6435",-1
"6436",-1
"6437",-1
"6438",-1
"6439",-1
"6440",-1
"6441",0
"6442",0
"6443",0
"6444",0
"6445",0
"6446",0
"6447",0
"6448",0
"6449",0
"6450",0
"6451",0
"6452",0
"6453",0
"6454",0
"6455",0
"6456",0
"6457",0
"6458",0
"6459",0
"6460",0
"6461",1
"6462",1
"6463",1
"6464",1
"6465",1
"6466",1
"6467",1
"6468",1
"6469",1
"6470",1
"6471",1
"6472",1
"6473",1
"6474",1
"6475",1
"6476",1
"6477",1
"6478",1
"6479",1
"6480",1
"6481",0
"6482",0
"6483",0
"6484",0
"6485",0
"6486",0
"6487",0
"6488",0
"6489",0
"6490",0
"6491",1
"6492",1
"6493",1
"6494",1
"6495",1
"6496",1
"6497",1
"6498",1
"6499",1
"6500",1
"6501",-1
"6502",-1
"6503",-1
"6504",-1
"6505",-1
"6506",-1
"6507",-1
"6508",-1
"6509",-1
"6510",-1
"6511",-2
"6512",-2
"6513",-2
"6514",-2
"6515",-2
"6516",-2
"6517",-2
"6518",-2
"6519",-2
"6520",-2
"6521",-1
"6522",-1
"6523",-1
"6524",-1
"6525",-1
"6526",-1
"6527",-1
"6528",-1
"6529",-1
"6530",-1
"6531",0
"6532",0
"6533",0
"6534",0
"6535",0
"6536",0
"6537",0
"6538",0
"6539",0
"6540",0
"6541",-1
"6542",-1
"6543",-1
"6544",-1
"6545",-1
"6546",-1
"6547",-1
"6548",-1
"6549",-1
"6550",-1
"6551",0
"6552",0
"6553",0
"6554",0
"6555",0
"6556",0
"6557",0
"6558",0
"6559",0
"6560",0
"6561",-1
"6562",-1
"6563",-1
"6564",-1
"6565",-1
"6566",-1
"6567",-1
"6568",-1
"6569",-1
"6570",-1
"6571",0
"6572",0
"6573",0
"6574",0
"6575",0
"6576",0
"6577",0
"6578",0
"6579",0
"6580",0
"6581",0
"6582",0
"6583",0
"6584",0
"6585",0
"6586",0
"6587",0
"6588",0
"6589",0
"6590",0
"6591",0
"6592",0
"6593",0
"6594",0
"6595",0
"6596",0
"6597",0
"6598",0
"6599",0
"6600",0
"6601",2
"6602",2
"6603",2
"6604",2
"6605",2
"6606",2
"6607",2
"6608",2
"6609",2
"6610",2
"6611",-1
"6612",-1
"6613",-1
"6614",-1
"6615",-1
"6616",-1
"6617",-1
"6618",-1
"6619",-1
"6620",-1
"6621",0
"6622",0
"6623",0
"6624",0
"6625",0
"6626",0
"6627",0
"6628",0
"6629",0
"6630",0
"6631",0
"6632",0
"6633",0
"6634",0
"6635",0
"6636",0
"6637",0
"6638",0
"6639",0
"6640",0
"6641",0
"6642",0
"6643",0
"6644",0
"6645",0
"6646",0
"6647",0
"6648",0
"6649",0
"6650",0
"6651",-1
"6652",-1
"6653",-1
"6654",-1
"6655",-1
"6656",-1
"6657",-1
"6658",-1
"6659",-1
"6660",-1
"6661",0
"6662",0
"6663",0
"6664",0
"6665",0
"6666",0
"6667",0
"6668",0
"6669",0
"6670",0
"6671",3
"6672",3
"6673",3
"6674",3
"6675",3
"6676",3
"6677",3
"6678",3
"6679",3
"6680",3
"6681",1
"6682",1
"6683",1
"6684",1
"6685",1
"6686",1
"6687",1
"6688",1
"6689",1
"6690",1
"6691",0
"6692",0
"6693",0
"6694",0
"6695",0
"6696",0
"6697",0
"6698",0
"6699",0
"6700",0
"6701",1
"6702",1
"6703",1
"6704",1
"6705",1
"6706",1
"6707",1
"6708",1
"6709",1
"6710",1
"6711",-2
"6712",-2
"6713",-2
"6714",-2
"6715",-2
"6716",-2
"6717",-2
"6718",-2
"6719",-2
"6720",-2
"6721",1
"6722",1
"6723",1
"6724",1
"6725",1
"6726",1
"6727",1
"6728",1
"6729",1
"6730",1
"6731",0
"6732",0
"6733",0
"6734",0
"6735",0
"6736",0
"6737",0
"6738",0
"6739",0
"6740",0
"6741",-1
"6742",-1
"6743",-1
"6744",-1
"6745",-1
"6746",-1
"6747",-1
"6748",-1
"6749",-1
"6750",-1
"6751",1
"6752",1
"6753",1
"6754",1
"6755",1
"6756",1
"6757",1
"6758",1
"6759",1
"6760",1
"6761",-1
"6762",-1
"6763",-1
"6764",-1
"6765",-1
"6766",-1
"6767",-1
"6768",-1
"6769",-1
"6770",-1
"6771",-1
"6772",-1
"6773",-1
"6774",-1
"6775",-1
"6776",-1
"6777",-1
"6778",-1
"6779",-1
"6780",-1
"6781",0
"6782",0
"6783",0
"6784",0
"6785",0
"6786",0
"6787",0
"6788",0
"6789",0
"6790",0
"6791",0
"6792",0
"6793",0
"6794",0
"6795",0
"6796",0
"6797",0
"6798",0
"6799",0
"6800",0
"6801",-1
"6802",-1
"6803",-1
"6804",-1
"6805",-1
"6806",-1
"6807",-1
"6808",-1
"6809",-1
"6810",-1
"6811",-1
"6812",-1
"6813",-1
"6814",-1
"6815",-1
"6816",-1
"6817",-1
"6818",-1
"6819",-1
"6820",-1
"6821",-1
"6822",-1
"6823",-1
"6824",-1
"6825",-1
"6826",-1
"6827",-1
"6828",-1
"6829",-1
"6830",-1
"6831",-1
"6832",-1
"6833",-1
"6834",-1
"6835",-1
"6836",-1
"6837",-1
"6838",-1
"6839",-1
"6840",-1
"6841",1
"6842",1
"6843",1
"6844",1
"6845",1
"6846",1
"6847",1
"6848",1
"6849",1
"6850",1
"6851",0
"6852",0
"6853",0
"6854",0
"6855",0
"6856",0
"6857",0
"6858",0
"6859",0
"6860",0
"6861",1
"6862",1
"6863",1
"6864",1
"6865",1
"6866",1
"6867",1
"6868",1
"6869",1
"6870",1
"6871",-1
"6872",-1
"6873",-1
"6874",-1
"6875",-1
"6876",-1
"6877",-1
"6878",-1
"6879",-1
"6880",-1
"6881",0
"6882",0
"6883",0
"6884",0
"6885",0
"6886",0
"6887",0
"6888",0
"6889",0
"6890",0
"6891",2
"6892",2
"6893",2
"6894",2
"6895",2
"6896",2
"6897",2
"6898",2
"6899",2
"6900",2
"6901",2
"6902",2
"6903",2
"6904",2
"6905",2
"6906",2
"6907",2
"6908",2
"6909",2
"6910",2
"6911",-2
"6912",-2
"6913",-2
"6914",-2
"6915",-2
"6916",-2
"6917",-2
"6918",-2
"6919",-2
"6920",-2
"6921",0
"6922",0
"6923",0
"6924",0
"6925",0
"6926",0
"6927",0
"6928",0
"6929",0
"6930",0
"6931",-1
"6932",-1
"6933",-1
"6934",-1
"6935",-1
"6936",-1
"6937",-1
"6938",-1
"6939",-1
"6940",-1
"6941",-1
"6942",-1
"6943",-1
"6944",-1
"6945",-1
"6946",-1
"6947",-1
"6948",-1
"6949",-1
"6950",-1
"6951",2
"6952",2
"6953",2
"6954",2
"6955",2
"6956",2
"6957",2
"6958",2
"6959",2
"6960",2
"6961",1
"6962",1
"6963",1
"6964",1
"6965",1
"6966",1
"6967",1
"6968",1
"6969",1
"6970",1
"6971",-1
"6972",-1
"6973",-1
"6974",-1
"6975",-1
"6976",-1
"6977",-1
"6978",-1
"6979",-1
"6980",-1
"6981",-1
"6982",-1
"6983",-1
"6984",-1
"6985",-1
"6986",-1
"6987",-1
"6988",-1
"6989",-1
"6990",-1
"6991",-2
"6992",-2
"6993",-2
"6994",-2
"6995",-2
"6996",-2
"6997",-2
"6998",-2
"6999",-2
"7000",-2
"7001",0
"7002",0
"7003",0
"7004",0
"7005",0
"7006",0
"7007",0
"7008",0
"7009",0
"7010",0
"7011",-1
"7012",-1
"7013",-1
"7014",-1
"7015",-1
"7016",-1
"7017",-1
"7018",-1
"7019",-1
"7020",-1
"7021",1
"7022",1
"7023",1
"7024",1
"7025",1
"7026",1
"7027",1
"7028",1
"7029",1
"7030",1
"7031",0
"7032",0
"7033",0
"7034",0
"7035",0
"7036",0
"7037",0
"7038",0
"7039",0
"7040",0
"7041",0
"7042",0
"7043",0
"7044",0
"7045",0
"7046",0
"7047",0
"7048",0
"7049",0
"7050",0
"7051",-2
"7052",-2
"7053",-2
"7054",-2
"7055",-2
"7056",-2
"7057",-2
"7058",-2
"7059",-2
"7060",-2
"7061",0
"7062",0
"7063",0
"7064",0
"7065",0
"7066",0
"7067",0
"7068",0
"7069",0
"7070",0
"7071",0
"7072",0
"7073",0
"7074",0
"7075",0
"7076",0
"7077",0
"7078",0
"7079",0
"7080",0
"7081",0
"7082",0
"7083",0
"7084",0
"7085",0
"7086",0
"7087",0
"7088",0
"7089",0
"7090",0
"7091",1
"7092",1
"7093",1
"7094",1
"7095",1
"7096",1
"7097",1
"7098",1
"7099",1
"7100",1
"7101",-1
"7102",-1
"7103",-1
"7104",-1
"7105",-1
"7106",-1
"7107",-1
"7108",-1
"7109",-1
"7110",-1
"7111",0
"7112",0
"7113",0
"7114",0
"7115",0
"7116",0
"7117",0
"7118",0
"7119",0
"7120",0
"7121",0
"7122",0
"7123",0
"7124",0
"7125",0
"7126",0
"7127",0
"7128",0
"7129",0
"7130",0
"7131",0
"7132",0
"7133",0
"7134",0
"7135",0
"7136",0
"7137",0
"7138",0
"7139",0
"7140",0
"7141",2
"7142",2
"7143",2
"7144",2
"7145",2
"7146",2
"7147",2
"7148",2
"7149",2
"7150",2
"7151",1
"7152",1
"7153",1
"7154",1
"7155",1
"7156",1
"7157",1
"7158",1
"7159",1
"7160",1
"7161",-1
"7162",-1
"7163",-1
"7164",-1
"7165",-1
"7166",-1
"7167",-1
"7168",-1
"7169",-1
"7170",-1
"7171",1
"7172",1
"7173",1
"7174",1
"7175",1
"7176",1
"7177",1
"7178",1
"7179",1
"7180",1
"7181",0
"7182",0
"7183",0
"7184",0
"7185",0
"7186",0
"7187",0
"7188",0
"7189",0
"7190",0
"7191",1
"7192",1
"7193",1
"7194",1
"7195",1
"7196",1
"7197",1
"7198",1
"7199",1
"7200",1
"7201",-1
"7202",-1
"7203",-1
"7204",-1
"7205",-1
"7206",-1
"7207",-1
"7208",-1
"7209",-1
"7210",-1
"7211",-1
"7212",-1
"7213",-1
"7214",-1
"7215",-1
"7216",-1
"7217",-1
"7218",-1
"7219",-1
"7220",-1
"7221",-1
"7222",-1
"7223",-1
"7224",-1
"7225",-1
"7226",-1
"7227",-1
"7228",-1
"7229",-1
"7230",-1
"7231",-2
"7232",-2
"7233",-2
"7234",-2
"7235",-2
"7236",-2
"7237",-2
"7238",-2
"7239",-2
"7240",-2
"7241",-2
"7242",-2
"7243",-2
"7244",-2
"7245",-2
"7246",-2
"7247",-2
"7248",-2
"7249",-2
"7250",-2
"7251",0
"7252",0
"7253",0
"7254",0
"7255",0
"7256",0
"7257",0
"7258",0
"7259",0
"7260",0
"7261",-1
"7262",-1
"7263",-1
"7264",-1
"7265",-1
"7266",-1
"7267",-1
"7268",-1
"7269",-1
"7270",-1
"7271",-1
"7272",-1
"7273",-1
"7274",-1
"7275",-1
"7276",-1
"7277",-1
"7278",-1
"7279",-1
"7280",-1
"7281",0
"7282",0
"7283",0
"7284",0
"7285",0
"7286",0
"7287",0
"7288",0
"7289",0
"7290",0
"7291",-1
"7292",-1
"7293",-1
"7294",-1
"7295",-1
"7296",-1
"7297",-1
"7298",-1
"7299",-1
"7300",-1
"7301",0
"7302",0
"7303",0
"7304",0
"7305",0
"7306",0
"7307",0
"7308",0
"7309",0
"7310",0
"7311",0
"7312",0
"7313",0
"7314",0
"7315",0
"7316",0
"7317",0
"7318",0
"7319",0
"7320",0
"7321",-1
"7322",-1
"7323",-1
"7324",-1
"7325",-1
"7326",-1
"7327",-1
"7328",-1
"7329",-1
"7330",-1
"7331",1
"7332",1
"7333",1
"7334",1
"7335",1
"7336",1
"7337",1
"7338",1
"7339",1
"7340",1
"7341",0
"7342",0
"7343",0
"7344",0
"7345",0
"7346",0
"7347",0
"7348",0
"7349",0
"7350",0
"7351",1
"7352",1
"7353",1
"7354",1
"7355",1
"7356",1
"7357",1
"7358",1
"7359",1
"7360",1
"7361",0
"7362",0
"7363",0
"7364",0
"7365",0
"7366",0
"7367",0
"7368",0
"7369",0
"7370",0
"7371",1
"7372",1
"7373",1
"7374",1
"7375",1
"7376",1
"7377",1
"7378",1
"7379",1
"7380",1
"7381",1
"7382",1
"7383",1
"7384",1
"7385",1
"7386",1
"7387",1
"7388",1
"7389",1
"7390",1
"7391",1
"7392",1
"7393",1
"7394",1
"7395",1
"7396",1
"7397",1
"7398",1
"7399",1
"7400",1
"7401",2
"7402",2
"7403",2
"7404",2
"7405",2
"7406",2
"7407",2
"7408",2
"7409",2
"7410",2
"7411",2
"7412",2
"7413",2
"7414",2
"7415",2
"7416",2
"7417",2
"7418",2
"7419",2
"7420",2
"7421",0
"7422",0
"7423",0
"7424",0
"7425",0
"7426",0
"7427",0
"7428",0
"7429",0
"7430",0
"7431",0
"7432",0
"7433",0
"7434",0
"7435",0
"7436",0
"7437",0
"7438",0
"7439",0
"7440",0
"7441",-1
"7442",-1
"7443",-1
"7444",-1
"7445",-1
"7446",-1
"7447",-1
"7448",-1
"7449",-1
"7450",-1
"7451",-1
"7452",-1
"7453",-1
"7454",-1
"7455",-1
"7456",-1
"7457",-1
"7458",-1
"7459",-1
"7460",-1
"7461",1
"7462",1
"7463",1
"7464",1
"7465",1
"7466",1
"7467",1
"7468",1
"7469",1
"7470",1
"7471",1
"7472",1
"7473",1
"7474",1
"7475",1
"7476",1
"7477",1
"7478",1
"7479",1
"7480",1
"7481",0
"7482",0
"7483",0
"7484",0
"7485",0
"7486",0
"7487",0
"7488",0
"7489",0
"7490",0
"7491",0
"7492",0
"7493",0
"7494",0
"7495",0
"7496",0
"7497",0
"7498",0
"7499",0
"7500",0
"7501",1
"7502",1
"7503",1
"7504",1
"7505",1
"7506",1
"7507",1
"7508",1
"7509",1
"7510",1
"7511",1
"7512",1
"7513",1
"7514",1
"7515",1
"7516",1
"7517",1
"7518",1
"7519",1
"7520",1
"7521",0
"7522",0
"7523",0
"7524",0
"7525",0
"7526",0
"7527",0
"7528",0
"7529",0
"7530",0
"7531",-2
"7532",-2
"7533",-2
"7534",-2
"7535",-2
"7536",-2
"7537",-2
"7538",-2
"7539",-2
"7540",-2
"7541",0
"7542",0
"7543",0
"7544",0
"7545",0
"7546",0
"7547",0
"7548",0
"7549",0
"7550",0
"7551",-1
"7552",-1
"7553",-1
"7554",-1
"7555",-1
"7556",-1
"7557",-1
"7558",-1
"7559",-1
"7560",-1
"7561",1
"7562",1
"7563",1
"7564",1
"7565",1
"7566",1
"7567",1
"7568",1
"7569",1
"7570",1
"7571",0
"7572",0
"7573",0
"7574",0
"7575",0
"7576",0
"7577",0
"7578",0
"7579",0
"7580",0
"7581",-2
"7582",-2
"7583",-2
"7584",-2
"7585",-2
"7586",-2
"7587",-2
"7588",-2
"7589",-2
"7590",-2
"7591",0
"7592",0
"7593",0
"7594",0
"7595",0
"7596",0
"7597",0
"7598",0
"7599",0
"7600",0
"7601",1
"7602",1
"7603",1
"7604",1
"7605",1
"7606",1
"7607",1
"7608",1
"7609",1
"7610",1
"7611",1
"7612",1
"7613",1
"7614",1
"7615",1
"7616",1
"7617",1
"7618",1
"7619",1
"7620",1
"7621",1
"7622",1
"7623",1
"7624",1
"7625",1
"7626",1
"7627",1
"7628",1
"7629",1
"7630",1
"7631",1
"7632",1
"7633",1
"7634",1
"7635",1
"7636",1
"7637",1
"7638",1
"7639",1
"7640",1
"7641",0
"7642",0
"7643",0
"7644",0
"7645",0
"7646",0
"7647",0
"7648",0
"7649",0
"7650",0
"7651",1
"7652",1
"7653",1
"7654",1
"7655",1
"7656",1
"7657",1
"7658",1
"7659",1
"7660",1
"7661",0
"7662",0
"7663",0
"7664",0
"7665",0
"7666",0
"7667",0
"7668",0
"7669",0
"7670",0
"7671",-2
"7672",-2
"7673",-2
"7674",-2
"7675",-2
"7676",-2
"7677",-2
"7678",-2
"7679",-2
"7680",-2
"7681",0
"7682",0
"7683",0
"7684",0
"7685",0
"7686",0
"7687",0
"7688",0
"7689",0
"7690",0
"7691",-1
"7692",-1
"7693",-1
"7694",-1
"7695",-1
"7696",-1
"7697",-1
"7698",-1
"7699",-1
"7700",-1
"7701",-1
"7702",-1
"7703",-1
"7704",-1
"7705",-1
"7706",-1
"7707",-1
"7708",-1
"7709",-1
"7710",-1
"7711",-1
"7712",-1
"7713",-1
"7714",-1
"7715",-1
"7716",-1
"7717",-1
"7718",-1
"7719",-1
"7720",-1
"7721",0
"7722",0
"7723",0
"7724",0
"7725",0
"7726",0
"7727",0
"7728",0
"7729",0
"7730",0
"7731",-1
"7732",-1
"7733",-1
"7734",-1
"7735",-1
"7736",-1
"7737",-1
"7738",-1
"7739",-1
"7740",-1
"7741",2
"7742",2
"7743",2
"7744",2
"7745",2
"7746",2
"7747",2
"7748",2
"7749",2
"7750",2
"7751",1
"7752",1
"7753",1
"7754",1
"7755",1
"7756",1
"7757",1
"7758",1
"7759",1
"7760",1
"7761",-1
"7762",-1
"7763",-1
"7764",-1
"7765",-1
"7766",-1
"7767",-1
"7768",-1
"7769",-1
"7770",-1
"7771",1
"7772",1
"7773",1
"7774",1
"7775",1
"7776",1
"7777",1
"7778",1
"7779",1
"7780",1
"7781",2
"7782",2
"7783",2
"7784",2
"7785",2
"7786",2
"7787",2
"7788",2
"7789",2
"7790",2
"7791",2
"7792",2
"7793",2
"7794",2
"7795",2
"7796",2
"7797",2
"7798",2
"7799",2
"7800",2
"7801",0
"7802",0
"7803",0
"7804",0
"7805",0
"7806",0
"7807",0
"7808",0
"7809",0
"7810",0
"7811",2
"7812",2
"7813",2
"7814",2
"7815",2
"7816",2
"7817",2
"7818",2
"7819",2
"7820",2
"7821",1
"7822",1
"7823",1
"7824",1
"7825",1
"7826",1
"7827",1
"7828",1
"7829",1
"7830",1
"7831",-1
"7832",-1
"7833",-1
"7834",-1
"7835",-1
"7836",-1
"7837",-1
"7838",-1
"7839",-1
"7840",-1
"7841",0
"7842",0
"7843",0
"7844",0
"7845",0
"7846",0
"7847",0
"7848",0
"7849",0
"7850",0
"7851",-1
"7852",-1
"7853",-1
"7854",-1
"7855",-1
"7856",-1
"7857",-1
"7858",-1
"7859",-1
"7860",-1
"7861",0
"7862",0
"7863",0
"7864",0
"7865",0
"7866",0
"7867",0
"7868",0
"7869",0
"7870",0
"7871",1
"7872",1
"7873",1
"7874",1
"7875",1
"7876",1
"7877",1
"7878",1
"7879",1
"7880",1
"7881",0
"7882",0
"7883",0
"7884",0
"7885",0
"7886",0
"7887",0
"7888",0
"7889",0
"7890",0
"7891",0
"7892",0
"7893",0
"7894",0
"7895",0
"7896",0
"7897",0
"7898",0
"7899",0
"7900",0
"7901",-2
"7902",-2
"7903",-2
"7904",-2
"7905",-2
"7906",-2
"7907",-2
"7908",-2
"7909",-2
"7910",-2
"7911",2
"7912",2
"7913",2
"7914",2
"7915",2
"7916",2
"7917",2
"7918",2
"7919",2
"7920",2
"7921",0
"7922",0
"7923",0
"7924",0
"7925",0
"7926",0
"7927",0
"7928",0
"7929",0
"7930",0
"7931",2
"7932",2
"7933",2
"7934",2
"7935",2
"7936",2
"7937",2
"7938",2
"7939",2
"7940",2
"7941",2
"7942",2
"7943",2
"7944",2
"7945",2
"7946",2
"7947",2
"7948",2
"7949",2
"7950",2
"7951",0
"7952",0
"7953",0
"7954",0
"7955",0
"7956",0
"7957",0
"7958",0
"7959",0
"7960",0
"7961",2
"7962",2
"7963",2
"7964",2
"7965",2
"7966",2
"7967",2
"7968",2
"7969",2
"7970",2
"7971",1
"7972",1
"7973",1
"7974",1
"7975",1
"7976",1
"7977",1
"7978",1
"7979",1
"7980",1
"7981",0
"7982",0
"7983",0
"7984",0
"7985",0
"7986",0
"7987",0
"7988",0
"7989",0
"7990",0
"7991",-1
"7992",-1
"7993",-1
"7994",-1
"7995",-1
"7996",-1
"7997",-1
"7998",-1
"7999",-1
"8000",-1
"8001",0
"8002",0
"8003",0
"8004",0
"8005",0
"8006",0
"8007",0
"8008",0
"8009",0
"8010",0
"8011",1
"8012",1
"8013",1
"8014",1
"8015",1
"8016",1
"8017",1
"8018",1
"8019",1
"8020",1
"8021",1
"8022",1
"8023",1
"8024",1
"8025",1
"8026",1
"8027",1
"8028",1
"8029",1
"8030",1
"8031",1
"8032",1
"8033",1
"8034",1
"8035",1
"8036",1
"8037",1
"8038",1
"8039",1
"8040",1
"8041",0
"8042",0
"8043",0
"8044",0
"8045",0
"8046",0
"8047",0
"8048",0
"8049",0
"8050",0
"8051",0
"8052",0
"8053",0
"8054",0
"8055",0
"8056",0
"8057",0
"8058",0
"8059",0
"8060",0
"8061",-1
"8062",-1
"8063",-1
"8064",-1
"8065",-1
"8066",-1
"8067",-1
"8068",-1
"8069",-1
"8070",-1
"8071",1
"8072",1
"8073",1
"8074",1
"8075",1
"8076",1
"8077",1
"8078",1
"8079",1
"8080",1
"8081",-1
"8082",-1
"8083",-1
"8084",-1
"8085",-1
"8086",-1
"8087",-1
"8088",-1
"8089",-1
"8090",-1
"8091",1
"8092",1
"8093",1
"8094",1
"8095",1
"8096",1
"8097",1
"8098",1
"8099",1
"8100",1
"8101",0
"8102",0
"8103",0
"8104",0
"8105",0
"8106",0
"8107",0
"8108",0
"8109",0
"8110",0
"8111",-1
"8112",-1
"8113",-1
"8114",-1
"8115",-1
"8116",-1
"8117",-1
"8118",-1
"8119",-1
"8120",-1
"8121",1
"8122",1
"8123",1
"8124",1
"8125",1
"8126",1
"8127",1
"8128",1
"8129",1
"8130",1
"8131",0
"8132",0
"8133",0
"8134",0
"8135",0
"8136",0
"8137",0
"8138",0
"8139",0
"8140",0
"8141",1
"8142",1
"8143",1
"8144",1
"8145",1
"8146",1
"8147",1
"8148",1
"8149",1
"8150",1
"8151",0
"8152",0
"8153",0
"8154",0
"8155",0
"8156",0
"8157",0
"8158",0
"8159",0
"8160",0
"8161",1
"8162",1
"8163",1
"8164",1
"8165",1
"8166",1
"8167",1
"8168",1
"8169",1
"8170",1
"8171",1
"8172",1
"8173",1
"8174",1
"8175",1
"8176",1
"8177",1
"8178",1
"8179",1
"8180",1
"8181",0
"8182",0
"8183",0
"8184",0
"8185",0
"8186",0
"8187",0
"8188",0
"8189",0
"8190",0
"8191",-1
"8192",-1
"8193",-1
"8194",-1
"8195",-1
"8196",-1
"8197",-1
"8198",-1
"8199",-1
"8200",-1
"8201",0
"8202",0
"8203",0
"8204",0
"8205",0
"8206",0
"8207",0
"8208",0
"8209",0
"8210",0
"8211",-1
"8212",-1
"8213",-1
"8214",-1
"8215",-1
"8216",-1
"8217",-1
"8218",-1
"8219",-1
"8220",-1
"8221",1
"8222",1
"8223",1
"8224",1
"8225",1
"8226",1
"8227",1
"8228",1
"8229",1
"8230",1
"8231",0
"8232",0
"8233",0
"8234",0
"8235",0
"8236",0
"8237",0
"8238",0
"8239",0
"8240",0
"8241",1
"8242",1
"8243",1
"8244",1
"8245",1
"8246",1
"8247",1
"8248",1
"8249",1
"8250",1
"8251",-1
"8252",-1
"8253",-1
"8254",-1
"8255",-1
"8256",-1
"8257",-1
"8258",-1
"8259",-1
"8260",-1
"8261",0
"8262",0
"8263",0
"8264",0
"8265",0
"8266",0
"8267",0
"8268",0
"8269",0
"8270",0
"8271",-2
"8272",-2
"8273",-2
"8274",-2
"8275",-2
"8276",-2
"8277",-2
"8278",-2
"8279",-2
"8280",-2
"8281",-1
"8282",-1
"8283",-1
"8284",-1
"8285",-1
"8286",-1
"8287",-1
"8288",-1
"8289",-1
"8290",-1
"8291",-1
"8292",-1
"8293",-1
"8294",-1
"8295",-1
"8296",-1
"8297",-1
"8298",-1
"8299",-1
"8300",-1
"8301",1
"8302",1
"8303",1
"8304",1
"8305",1
"8306",1
"8307",1
"8308",1
"8309",1
"8310",1
"8311",0
"8312",0
"8313",0
"8314",0
"8315",0
"8316",0
"8317",0
"8318",0
"8319",0
"8320",0
"8321",-1
"8322",-1
"8323",-1
"8324",-1
"8325",-1
"8326",-1
"8327",-1
"8328",-1
"8329",-1
"8330",-1
"8331",-2
"8332",-2
"8333",-2
"8334",-2
"8335",-2
"8336",-2
"8337",-2
"8338",-2
"8339",-2
"8340",-2
"8341",2
"8342",2
"8343",2
"8344",2
"8345",2
"8346",2
"8347",2
"8348",2
"8349",2
"8350",2
"8351",-1
"8352",-1
"8353",-1
"8354",-1
"8355",-1
"8356",-1
"8357",-1
"8358",-1
"8359",-1
"8360",-1
"8361",0
"8362",0
"8363",0
"8364",0
"8365",0
"8366",0
"8367",0
"8368",0
"8369",0
"8370",0
"8371",1
"8372",1
"8373",1
"8374",1
"8375",1
"8376",1
"8377",1
"8378",1
"8379",1
"8380",1
"8381",-1
"8382",-1
"8383",-1
"8384",-1
"8385",-1
"8386",-1
"8387",-1
"8388",-1
"8389",-1
"8390",-1
"8391",-1
"8392",-1
"8393",-1
"8394",-1
"8395",-1
"8396",-1
"8397",-1
"8398",-1
"8399",-1
"8400",-1
"8401",0
"8402",0
"8403",0
"8404",0
"8405",0
"8406",0
"8407",0
"8408",0
"8409",0
"8410",0
"8411",0
"8412",0
"8413",0
"8414",0
"8415",0
"8416",0
"8417",0
"8418",0
"8419",0
"8420",0
"8421",0
"8422",0
"8423",0
"8424",0
"8425",0
"8426",0
"8427",0
"8428",0
"8429",0
"8430",0
"8431",-1
"8432",-1
"8433",-1
"8434",-1
"8435",-1
"8436",-1
"8437",-1
"8438",-1
"8439",-1
"8440",-1
"8441",1
"8442",1
"8443",1
"8444",1
"8445",1
"8446",1
"8447",1
"8448",1
"8449",1
"8450",1
"8451",0
"8452",0
"8453",0
"8454",0
"8455",0
"8456",0
"8457",0
"8458",0
"8459",0
"8460",0
"8461",1
"8462",1
"8463",1
"8464",1
"8465",1
"8466",1
"8467",1
"8468",1
"8469",1
"8470",1
"8471",-1
"8472",-1
"8473",-1
"8474",-1
"8475",-1
"8476",-1
"8477",-1
"8478",-1
"8479",-1
"8480",-1
"8481",1
"8482",1
"8483",1
"8484",1
"8485",1
"8486",1
"8487",1
"8488",1
"8489",1
"8490",1
"8491",-1
"8492",-1
"8493",-1
"8494",-1
"8495",-1
"8496",-1
"8497",-1
"8498",-1
"8499",-1
"8500",-1
"8501",-2
"8502",-2
"8503",-2
"8504",-2
"8505",-2
"8506",-2
"8507",-2
"8508",-2
"8509",-2
"8510",-2
"8511",-1
"8512",-1
"8513",-1
"8514",-1
"8515",-1
"8516",-1
"8517",-1
"8518",-1
"8519",-1
"8520",-1
"8521",2
"8522",2
"8523",2
"8524",2
"8525",2
"8526",2
"8527",2
"8528",2
"8529",2
"8530",2
"8531",0
"8532",0
"8533",0
"8534",0
"8535",0
"8536",0
"8537",0
"8538",0
"8539",0
"8540",0
"8541",-1
"8542",-1
"8543",-1
"8544",-1
"8545",-1
"8546",-1
"8547",-1
"8548",-1
"8549",-1
"8550",-1
"8551",-1
"8552",-1
"8553",-1
"8554",-1
"8555",-1
"8556",-1
"8557",-1
"8558",-1
"8559",-1
"8560",-1
"8561",0
"8562",0
"8563",0
"8564",0
"8565",0
"8566",0
"8567",0
"8568",0
"8569",0
"8570",0
"8571",1
"8572",1
"8573",1
"8574",1
"8575",1
"8576",1
"8577",1
"8578",1
"8579",1
"8580",1
"8581",0
"8582",0
"8583",0
"8584",0
"8585",0
"8586",0
"8587",0
"8588",0
"8589",0
"8590",0
"8591",0
"8592",0
"8593",0
"8594",0
"8595",0
"8596",0
"8597",0
"8598",0
"8599",0
"8600",0
"8601",0
"8602",0
"8603",0
"8604",0
"8605",0
"8606",0
"8607",0
"8608",0
"8609",0
"8610",0
"8611",2
"8612",2
"8613",2
"8614",2
"8615",2
"8616",2
"8617",2
"8618",2
"8619",2
"8620",2
"8621",0
"8622",0
"8623",0
"8624",0
"8625",0
"8626",0
"8627",0
"8628",0
"8629",0
"8630",0
"8631",0
"8632",0
"8633",0
"8634",0
"8635",0
"8636",0
"8637",0
"8638",0
"8639",0
"8640",0
"8641",0
"8642",0
"8643",0
"8644",0
"8645",0
"8646",0
"8647",0
"8648",0
"8649",0
"8650",0
"8651",-2
"8652",-2
"8653",-2
"8654",-2
"8655",-2
"8656",-2
"8657",-2
"8658",-2
"8659",-2
"8660",-2
"8661",2
"8662",2
"8663",2
"8664",2
"8665",2
"8666",2
"8667",2
"8668",2
"8669",2
"8670",2
"8671",-1
"8672",-1
"8673",-1
"8674",-1
"8675",-1
"8676",-1
"8677",-1
"8678",-1
"8679",-1
"8680",-1
"8681",0
"8682",0
"8683",0
"8684",0
"8685",0
"8686",0
"8687",0
"8688",0
"8689",0
"8690",0
"8691",0
"8692",0
"8693",0
"8694",0
"8695",0
"8696",0
"8697",0
"8698",0
"8699",0
"8700",0
"8701",0
"8702",0
"8703",0
"8704",0
"8705",0
"8706",0
"8707",0
"8708",0
"8709",0
"8710",0
"8711",0
"8712",0
"8713",0
"8714",0
"8715",0
"8716",0
"8717",0
"8718",0
"8719",0
"8720",0
"8721",-2
"8722",-2
"8723",-2
"8724",-2
"8725",-2
"8726",-2
"8727",-2
"8728",-2
"8729",-2
"8730",-2
"8731",-1
"8732",-1
"8733",-1
"8734",-1
"8735",-1
"8736",-1
"8737",-1
"8738",-1
"8739",-1
"8740",-1
"8741",0
"8742",0
"8743",0
"8744",0
"8745",0
"8746",0
"8747",0
"8748",0
"8749",0
"8750",0
"8751",0
"8752",0
"8753",0
"8754",0
"8755",0
"8756",0
"8757",0
"8758",0
"8759",0
"8760",0
"8761",1
"8762",1
"8763",1
"8764",1
"8765",1
"8766",1
"8767",1
"8768",1
"8769",1
"8770",1
"8771",1
"8772",1
"8773",1
"8774",1
"8775",1
"8776",1
"8777",1
"8778",1
"8779",1
"8780",1
"8781",0
"8782",0
"8783",0
"8784",0
"8785",0
"8786",0
"8787",0
"8788",0
"8789",0
"8790",0
"8791",-1
"8792",-1
"8793",-1
"8794",-1
"8795",-1
"8796",-1
"8797",-1
"8798",-1
"8799",-1
"8800",-1
"8801",-1
"8802",-1
"8803",-1
"8804",-1
"8805",-1
"8806",-1
"8807",-1
"8808",-1
"8809",-1
"8810",-1
"8811",-1
"8812",-1
"8813",-1
"8814",-1
"8815",-1
"8816",-1
"8817",-1
"8818",-1
"8819",-1
"8820",-1
"8821",0
"8822",0
"8823",0
"8824",0
"8825",0
"8826",0
"8827",0
"8828",0
"8829",0
"8830",0
"8831",0
"8832",0
"8833",0
"8834",0
"8835",0
"8836",0
"8837",0
"8838",0
"8839",0
"8840",0
"8841",1
"8842",1
"8843",1
"8844",1
"8845",1
"8846",1
"8847",1
"8848",1
"8849",1
"8850",1
"8851",0
"8852",0
"8853",0
"8854",0
"8855",0
"8856",0
"8857",0
"8858",0
"8859",0
"8860",0
"8861",1
"8862",1
"8863",1
"8864",1
"8865",1
"8866",1
"8867",1
"8868",1
"8869",1
"8870",1
"8871",1
"8872",1
"8873",1
"8874",1
"8875",1
"8876",1
"8877",1
"8878",1
"8879",1
"8880",1
"8881",2
"8882",2
"8883",2
"8884",2
"8885",2
"8886",2
"8887",2
"8888",2
"8889",2
"8890",2
"8891",-3
"8892",-3
"8893",-3
"8894",-3
"8895",-3
"8896",-3
"8897",-3
"8898",-3
"8899",-3
"8900",-3
"8901",0
"8902",0
"8903",0
"8904",0
"8905",0
"8906",0
"8907",0
"8908",0
"8909",0
"8910",0
"8911",1
"8912",1
"8913",1
"8914",1
"8915",1
"8916",1
"8917",1
"8918",1
"8919",1
"8920",1
"8921",-1
"8922",-1
"8923",-1
"8924",-1
"8925",-1
"8926",-1
"8927",-1
"8928",-1
"8929",-1
"8930",-1
"8931",2
"8932",2
"8933",2
"8934",2
"8935",2
"8936",2
"8937",2
"8938",2
"8939",2
"8940",2
"8941",-1
"8942",-1
"8943",-1
"8944",-1
"8945",-1
"8946",-1
"8947",-1
"8948",-1
"8949",-1
"8950",-1
"8951",-1
"8952",-1
"8953",-1
"8954",-1
"8955",-1
"8956",-1
"8957",-1
"8958",-1
"8959",-1
"8960",-1
"8961",1
"8962",1
"8963",1
"8964",1
"8965",1
"8966",1
"8967",1
"8968",1
"8969",1
"8970",1
"8971",1
"8972",1
"8973",1
"8974",1
"8975",1
"8976",1
"8977",1
"8978",1
"8979",1
"8980",1
"8981",1
"8982",1
"8983",1
"8984",1
"8985",1
"8986",1
"8987",1
"8988",1
"8989",1
"8990",1
"8991",0
"8992",0
"8993",0
"8994",0
"8995",0
"8996",0
"8997",0
"8998",0
"8999",0
"9000",0
